{"timestamp" : 1422907906.895161, "sensor" : 0, "value" : 504}
{"timestamp" : 1422907907.927127, "sensor" : 0, "value" : 508}
{"timestamp" : 1422907908.927096, "sensor" : 0, "value" : 513}
{"timestamp" : 1422907909.927066, "sensor" : 0, "value" : 504}
{"timestamp" : 1422907910.927031, "sensor" : 0, "value" : 510}
{"timestamp" : 1422907911.927023, "sensor" : 0, "value" : 511}
{"timestamp" : 1422907912.926995, "sensor" : 0, "value" : 503}
{"timestamp" : 1422907913.926938, "sensor" : 0, "value" : 511}
{"timestamp" : 1422907914.926936, "sensor" : 0, "value" : 508}
{"timestamp" : 1422907915.926954, "sensor" : 0, "value" : 510}
{"timestamp" : 1422907916.926898, "sensor" : 0, "value" : 508}
{"timestamp" : 1422907917.926864, "sensor" : 0, "value" : 508}
{"timestamp" : 1422907918.926856, "sensor" : 0, "value" : 510}
{"timestamp" : 1422907919.926825, "sensor" : 0, "value" : 504}
{"timestamp" : 1422907920.926623, "sensor" : 0, "value" : 508}
{"timestamp" : 1422907921.926682, "sensor" : 0, "value" : 507}
{"timestamp" : 1422907922.926654, "sensor" : 0, "value" : 512}
{"timestamp" : 1422907923.926565, "sensor" : 0, "value" : 508}
{"timestamp" : 1422907924.926475, "sensor" : 0, "value" : 504}
{"timestamp" : 1422907925.926557, "sensor" : 0, "value" : 506}
{"timestamp" : 1422907926.926590, "sensor" : 0, "value" : 513}
{"timestamp" : 1422907927.926494, "sensor" : 0, "value" : 509}
{"timestamp" : 1422907928.926540, "sensor" : 0, "value" : 505}
{"timestamp" : 1422907929.926381, "sensor" : 0, "value" : 508}
{"timestamp" : 1422907930.926451, "sensor" : 0, "value" : 509}
{"timestamp" : 1422907931.926449, "sensor" : 0, "value" : 504}
{"timestamp" : 1422907932.926386, "sensor" : 0, "value" : 512}
{"timestamp" : 1422907933.926386, "sensor" : 0, "value" : 507}
{"timestamp" : 1422907934.926272, "sensor" : 0, "value" : 506}
{"timestamp" : 1422907935.926242, "sensor" : 0, "value" : 509}
{"timestamp" : 1422907936.926209, "sensor" : 0, "value" : 509}
{"timestamp" : 1422907937.926249, "sensor" : 0, "value" : 508}
{"timestamp" : 1422907938.926203, "sensor" : 0, "value" : 507}
{"timestamp" : 1422907939.926132, "sensor" : 0, "value" : 505}
{"timestamp" : 1422907940.950088, "sensor" : 0, "value" : 511}
{"timestamp" : 1422907941.950103, "sensor" : 0, "value" : 507}
{"timestamp" : 1422907942.950020, "sensor" : 0, "value" : 505}
{"timestamp" : 1422907943.949986, "sensor" : 0, "value" : 513}
{"timestamp" : 1422907944.949953, "sensor" : 0, "value" : 509}
{"timestamp" : 1422907945.949923, "sensor" : 0, "value" : 507}
{"timestamp" : 1422907946.949877, "sensor" : 0, "value" : 507}
{"timestamp" : 1422907947.949891, "sensor" : 0, "value" : 508}
{"timestamp" : 1422907948.949903, "sensor" : 0, "value" : 509}
{"timestamp" : 1422907949.949806, "sensor" : 0, "value" : 505}
{"timestamp" : 1422907950.949763, "sensor" : 0, "value" : 509}
{"timestamp" : 1422907951.949786, "sensor" : 0, "value" : 509}
{"timestamp" : 1422907952.949720, "sensor" : 0, "value" : 505}
{"timestamp" : 1422907953.949714, "sensor" : 0, "value" : 511}
{"timestamp" : 1422907954.949700, "sensor" : 0, "value" : 506}
{"timestamp" : 1422907955.949599, "sensor" : 0, "value" : 510}
{"timestamp" : 1422907956.949651, "sensor" : 0, "value" : 506}
{"timestamp" : 1422907957.949588, "sensor" : 0, "value" : 510}
{"timestamp" : 1422907958.949512, "sensor" : 0, "value" : 508}
{"timestamp" : 1422907959.949478, "sensor" : 0, "value" : 512}
{"timestamp" : 1422907960.949479, "sensor" : 0, "value" : 506}
{"timestamp" : 1422907961.949491, "sensor" : 0, "value" : 506}
{"timestamp" : 1422907962.949403, "sensor" : 0, "value" : 510}
{"timestamp" : 1422907963.949350, "sensor" : 0, "value" : 512}
{"timestamp" : 1422907964.949318, "sensor" : 0, "value" : 506}
{"timestamp" : 1422907965.949287, "sensor" : 0, "value" : 503}
{"timestamp" : 1422907966.949269, "sensor" : 0, "value" : 510}
{"timestamp" : 1422907967.949286, "sensor" : 0, "value" : 510}
{"timestamp" : 1422907968.949130, "sensor" : 0, "value" : 508}
{"timestamp" : 1422907969.949072, "sensor" : 0, "value" : 510}
{"timestamp" : 1422907970.949129, "sensor" : 0, "value" : 505}
{"timestamp" : 1422907971.965095, "sensor" : 0, "value" : 505}
{"timestamp" : 1422907972.965094, "sensor" : 0, "value" : 508}
{"timestamp" : 1422907973.965030, "sensor" : 0, "value" : 512}
{"timestamp" : 1422907974.965023, "sensor" : 0, "value" : 508}
{"timestamp" : 1422907975.965024, "sensor" : 0, "value" : 504}
{"timestamp" : 1422907976.964969, "sensor" : 0, "value" : 513}
{"timestamp" : 1422907977.964907, "sensor" : 0, "value" : 503}
{"timestamp" : 1422907978.964874, "sensor" : 0, "value" : 507}
{"timestamp" : 1422907979.964843, "sensor" : 0, "value" : 510}
{"timestamp" : 1422907980.964873, "sensor" : 0, "value" : 505}
{"timestamp" : 1422907981.964831, "sensor" : 0, "value" : 510}
{"timestamp" : 1422907982.964828, "sensor" : 0, "value" : 505}
{"timestamp" : 1422907983.964778, "sensor" : 0, "value" : 511}
{"timestamp" : 1422907984.964692, "sensor" : 0, "value" : 508}
{"timestamp" : 1422907985.964670, "sensor" : 0, "value" : 505}
{"timestamp" : 1422907986.964664, "sensor" : 0, "value" : 507}
{"timestamp" : 1422907987.964644, "sensor" : 0, "value" : 511}
{"timestamp" : 1422907988.964574, "sensor" : 0, "value" : 511}
{"timestamp" : 1422907989.964525, "sensor" : 0, "value" : 503}
{"timestamp" : 1422907990.964493, "sensor" : 0, "value" : 510}
{"timestamp" : 1422907991.964461, "sensor" : 0, "value" : 508}
{"timestamp" : 1422907992.964430, "sensor" : 0, "value" : 507}
{"timestamp" : 1422907993.964397, "sensor" : 0, "value" : 508}
{"timestamp" : 1422907994.964396, "sensor" : 0, "value" : 509}
{"timestamp" : 1422907995.964365, "sensor" : 0, "value" : 508}
{"timestamp" : 1422907996.964304, "sensor" : 0, "value" : 507}
{"timestamp" : 1422907997.964373, "sensor" : 0, "value" : 508}
{"timestamp" : 1422907998.964239, "sensor" : 0, "value" : 508}
{"timestamp" : 1422907999.964220, "sensor" : 0, "value" : 508}
{"timestamp" : 1422908000.964174, "sensor" : 0, "value" : 510}
{"timestamp" : 1422908001.980203, "sensor" : 0, "value" : 507}
{"timestamp" : 1422908002.980187, "sensor" : 0, "value" : 506}
{"timestamp" : 1422908003.980102, "sensor" : 0, "value" : 508}
{"timestamp" : 1422908004.980122, "sensor" : 0, "value" : 509}
{"timestamp" : 1422908005.980093, "sensor" : 0, "value" : 505}
{"timestamp" : 1422908006.979983, "sensor" : 0, "value" : 512}
{"timestamp" : 1422908007.979971, "sensor" : 0, "value" : 508}
{"timestamp" : 1422908008.979982, "sensor" : 0, "value" : 504}
{"timestamp" : 1422908009.979966, "sensor" : 0, "value" : 510}
{"timestamp" : 1422908010.979801, "sensor" : 0, "value" : 506}
{"timestamp" : 1422908011.979826, "sensor" : 0, "value" : 512}
{"timestamp" : 1422908012.979873, "sensor" : 0, "value" : 506}
{"timestamp" : 1422908013.979843, "sensor" : 0, "value" : 510}
{"timestamp" : 1422908014.979699, "sensor" : 0, "value" : 506}
{"timestamp" : 1422908015.979780, "sensor" : 0, "value" : 509}
{"timestamp" : 1422908016.979749, "sensor" : 0, "value" : 506}
{"timestamp" : 1422908017.979689, "sensor" : 0, "value" : 512}
{"timestamp" : 1422908018.979664, "sensor" : 0, "value" : 507}
{"timestamp" : 1422908019.979571, "sensor" : 0, "value" : 505}
{"timestamp" : 1422908020.979541, "sensor" : 0, "value" : 514}
{"timestamp" : 1422908021.979586, "sensor" : 0, "value" : 504}
{"timestamp" : 1422908022.979486, "sensor" : 0, "value" : 509}
{"timestamp" : 1422908023.979409, "sensor" : 0, "value" : 510}
{"timestamp" : 1422908024.979487, "sensor" : 0, "value" : 505}
{"timestamp" : 1422908025.979400, "sensor" : 0, "value" : 506}
{"timestamp" : 1422908026.979370, "sensor" : 0, "value" : 514}
{"timestamp" : 1422908027.979399, "sensor" : 0, "value" : 506}
{"timestamp" : 1422908028.979287, "sensor" : 0, "value" : 506}
{"timestamp" : 1422908029.979258, "sensor" : 0, "value" : 508}
{"timestamp" : 1422908030.979223, "sensor" : 0, "value" : 508}
{"timestamp" : 1422908031.979220, "sensor" : 0, "value" : 508}
{"timestamp" : 1422908032.979161, "sensor" : 0,