{"timestamp" : 1422907600.752873, "sensor" : 0, "value" : 496}
{"timestamp" : 1422907601.752879, "sensor" : 0, "value" : 528}
{"timestamp" : 1422907602.752844, "sensor" : 0, "value" : 506}
{"timestamp" : 1422907603.752801, "sensor" : 0, "value" : 534}
{"timestamp" : 1422907604.752768, "sensor" : 0, "value" : 487}
{"timestamp" : 1422907605.752715, "sensor" : 0, "value" : 482}
{"timestamp" : 1422907606.752696, "sensor" : 0, "value" : 527}
{"timestamp" : 1422907607.752660, "sensor" : 0, "value" : 487}
{"timestamp" : 1422907608.752698, "sensor" : 0, "value" : 537}
{"timestamp" : 1422907609.752578, "sensor" : 0, "value" : 539}
{"timestamp" : 1422907610.752559, "sensor" : 0, "value" : 549}
{"timestamp" : 1422907611.752528, "sensor" : 0, "value" : 326}
{"timestamp" : 1422907612.752494, "sensor" : 0, "value" : 618}
{"timestamp" : 1422907613.752483, "sensor" : 0, "value" : 500}
{"timestamp" : 1422907614.752461, "sensor" : 0, "value" : 306}
{"timestamp" : 1422907615.752430, "sensor" : 0, "value" : 803}
{"timestamp" : 1422907616.752367, "sensor" : 0, "value" : 481}
{"timestamp" : 1422907617.752339, "sensor" : 0, "value" : 215}
{"timestamp" : 1422907618.752362, "sensor" : 0, "value" : 834}
{"timestamp" : 1422907619.752328, "sensor" : 0, "value" : 468}
{"timestamp" : 1422907620.752241, "sensor" : 0, "value" : 226}
{"timestamp" : 1422907621.752237, "sensor" : 0, "value" : 604}
{"timestamp" : 1422907622.752178, "sensor" : 0, "value" : 733}
{"timestamp" : 1422907623.752147, "sensor" : 0, "value" : 446}
{"timestamp" : 1422907624.752078, "sensor" : 0, "value" : 380}
{"timestamp" : 1422907625.752164, "sensor" : 0, "value" : 588}
{"timestamp" : 1422907626.784106, "sensor" : 0, "value" : 514}
{"timestamp" : 1422907627.784007, "sensor" : 0, "value" : 429}
{"timestamp" : 1422907628.783984, "sensor" : 0, "value" : 614}
{"timestamp" : 1422907629.783996, "sensor" : 0, "value" : 588}
{"timestamp" : 1422907630.783926, "sensor" : 0, "value" : 441}
{"timestamp" : 1422907631.783890, "sensor" : 0, "value" : 499}
{"timestamp" : 1422907632.783860, "sensor" : 0, "value" : 507}
{"timestamp" : 1422907633.783824, "sensor" : 0, "value" : 566}
{"timestamp" : 1422907634.783816, "sensor" : 0, "value" : 468}
{"timestamp" : 1422907635.783764, "sensor" : 0, "value" : 512}
{"timestamp" : 1422907636.783753, "sensor" : 0, "value" : 415}
{"timestamp" : 1422907637.783702, "sensor" : 0, "value" : 607}
{"timestamp" : 1422907638.783755, "sensor" : 0, "value" : 478}
{"timestamp" : 1422907639.783636, "sensor" : 0, "value" : 548}
{"timestamp" : 1422907640.783563, "sensor" : 0, "value" : 502}
{"timestamp" : 1422907641.783606, "sensor" : 0, "value" : 473}
{"timestamp" : 1422907642.783490, "sensor" : 0, "value" : 560}
{"timestamp" : 1422907643.783512, "sensor" : 0, "value" : 495}
{"timestamp" : 1422907644.783489, "sensor" : 0, "value" : 499}
{"timestamp" : 1422907645.783476, "sensor" : 0, "value" : 485}
{"timestamp" : 1422907646.783420, "sensor" : 0, "value" : 532}
{"timestamp" : 1422907647.783439, "sensor" : 0, "value" : 481}
{"timestamp" : 1422907648.783428, "sensor" : 0, "value" : 504}
{"timestamp" : 1422907649.783336, "sensor" : 0, "value" : 524}
{"timestamp" : 1422907650.783344, "sensor" : 0, "value" : 506}
{"timestamp" : 1422907651.783258, "sensor" : 0, "value" : 524}
{"timestamp" : 1422907652.783226, "sensor" : 0, "value" : 502}
{"timestamp" : 1422907653.783195, "sensor" : 0, "value" : 476}
{"timestamp" : 1422907654.783234, "sensor" : 0, "value" : 528}
{"timestamp" : 1422907655.783185, "sensor" : 0, "value" : 517}
{"timestamp" : 1422907656.791099, "sensor" : 0, "value" : 524}
{"timestamp" : 1422907657.791070, "sensor" : 0, "value" : 503}
{"timestamp" : 1422907658.791037, "sensor" : 0, "value" : 496}
{"timestamp" : 1422907659.791007, "sensor" : 0, "value" : 508}
{"timestamp" : 1422907660.791001, "sensor" : 0, "value" : 509}
{"timestamp" : 1422907661.790940, "sensor" : 0, "value" : 499}
{"timestamp" : 1422907662.790938, "sensor" : 0, "value" : 514}
{"timestamp" : 1422907663.790877, "sensor" : 0, "value" : 508}
{"timestamp" : 1422907664.790845, "sensor" : 0, "value" : 505}
{"timestamp" : 1422907665.790697, "sensor" : 0, "value" : 511}
{"timestamp" : 1422907666.790667, "sensor" : 0, "value" : 506}
{"timestamp" : 1422907667.790635, "sensor" : 0, "value" : 507}
{"timestamp" : 1422907668.790716, "sensor" : 0, "value" : 514}
{"timestamp" : 1422907669.790761, "sensor" : 0, "value" : 455}
{"timestamp" : 1422907670.790620, "sensor" : 0, "value" : 607}
{"timestamp" : 1422907671.790644, "sensor" : 0, "value" : 470}
{"timestamp" : 1422907672.790662, "sensor" : 0, "value" : 530}
{"timestamp" : 1422907673.790615, "sensor" : 0, "value" : 448}
{"timestamp" : 1422907674.790514, "sensor" : 0, "value" : 526}
{"timestamp" : 1422907675.790499, "sensor" : 0, "value" : 530}
{"timestamp" : 1422907676.790463, "sensor" : 0, "value" : 485}
{"timestamp" : 1422907677.790378, "sensor" : 0, "value" : 516}
{"timestamp" : 1422907678.790331, "sensor" : 0, "value" : 477}
{"timestamp" : 1422907679.790293, "sensor" : 0, "value" : 569}
{"timestamp" : 1422907680.790336, "sensor" : 0, "value" : 414}
{"timestamp" : 1422907681.790294, "sensor" : 0, "value" : 568}
{"timestamp" : 1422907682.790272, "sensor" : 0, "value" : 512}
{"timestamp" : 1422907683.790211, "sensor" : 0, "value" : 509}
{"timestamp" : 1422907684.790211, "sensor" : 0, "value" : 518}
{"timestamp" : 1422907685.790179, "sensor" : 0, "value" : 499}
{"timestamp" : 1422907686.798147, "sensor" : 0, "value" : 493}
{"timestamp" : 1422907687.798144, "sensor" : 0, "value" : 502}
{"timestamp" : 1422907688.798162, "sensor" : 0, "value" : 526}
{"timestamp" : 1422907689.798073, "sensor" : 0, "value" : 497}
{"timestamp" : 1422907690.798039, "sensor" : 0, "value" : 517}
{"timestamp" : 1422907691.797989, "sensor" : 0, "value" : 507}
{"timestamp" : 1422907692.797976, "sensor" : 0, "value" : 517}
{"timestamp" : 1422907693.797955, "sensor" : 0, "value" : 521}
{"timestamp" : 1422907694.797948, "sensor" : 0, "value" : 484}
{"timestamp" : 1422907695.797861, "sensor" : 0, "value" : 518}
{"timestamp" : 1422907696.797829, "sensor" : 0, "value" : 481}
{"timestamp" : 1422907697.797818, "sensor" : 0, "value" : 498}
{"timestamp" : 1422907698.797767, "sensor" : 0, "value" : 568}
{"timestamp" : 1422907699.797754, "sensor" : 0, "value" : 498}
{"timestamp" : 1422907700.797703, "sensor" : 0, "value" : 484}
{"timestamp" : 1422907701.797753, "sensor" : 0, "value" : 490}
{"timestamp" : 1422907702.797674, "sensor" : 0, "value" : 536}
{"timestamp" : 1422907703.797705, "sensor" : 0, "value" : 501}
{"timestamp" : 1422907704.797677, "sensor" : 0, "value" : 523}
{"timestamp" : 1422907705.797662, "sensor" : 0, "value" : 476}
{"timestamp" : 1422907706.797587, "sensor" : 0, "value" : 542}
{"timestamp" : 1422907707.797557, "sensor" : 0, "value" : 486}
{"timestamp" : 1422907708.797526, "sensor" : 0, "value" : 533}
{"timestamp" : 1422907709.797495, "sensor" : 0, "value" : 510}
{"timestamp" : 1422907710.797318, "sensor" : 0, "value" : 495}
{"timestamp" : 1422907711.797352, "sensor" : 0, "value" : 516}
{"timestamp" : 1422907712.797384, "sensor" : 0, "value" : 518}
{"timestamp" : 1422907713.797369, "sensor" : 0, "value" : 480}
{"timestamp" : 1422907714.797335, "sensor" : 0, "value" : 491}
{"timestamp" : 1422907715.797277, "sensor" : 0, "value" : 507}
{"timestamp" : 1422907716.797229, "sensor" : 0, "value" : 586}
{"timestamp" : 1422907717.797170, "sensor" : 0, "value" : 402}
{"timestamp" : 1422907718.813131, "sensor" : 0, "value" : 522}
{"timestamp" : 1422907719.813162, "sensor" : 0, "value" : 584}
{"timestamp" : 1422907720.813070, "sensor" : 0, "value" : 525}
{"timestamp" : 1422907721.813036, "sensor" : 0, "value" : 450}
{"timestamp" : 1422907722.813015, "sensor" : 0, "value" : 493}
{"timestamp" : 1422907723.813004, "sensor" : 0, "value" : 457}
{"timestamp" : 1422907724.812968, "sensor" : 0, "value" : 584}
{"timestamp" : 1422907725.812937, "sensor" : 0, "value" : 514}
{"timestamp" : 1422907726.812939, "sensor" : 0,