{"timestamp" : 1422907291.450712, "sensor" : 1, "value" : 504}
{"timestamp" : 1422907292.450681, "sensor" : 1, "value" : 500}
{"timestamp" : 1422907293.450676, "sensor" : 1, "value" : 506}
{"timestamp" : 1422907294.450681, "sensor" : 1, "value" : 506}
{"timestamp" : 1422907295.450615, "sensor" : 1, "value" : 501}
{"timestamp" : 1422907296.450501, "sensor" : 1, "value" : 499}
{"timestamp" : 1422907297.450522, "sensor" : 1, "value" : 504}
{"timestamp" : 1422907298.450491, "sensor" : 1, "value" : 505}
{"timestamp" : 1422907299.450460, "sensor" : 1, "value" : 501}
{"timestamp" : 1422907300.450424, "sensor" : 1, "value" : 508}
{"timestamp" : 1422907301.498394, "sensor" : 1, "value" : 506}
{"timestamp" : 1422907302.498313, "sensor" : 1, "value" : 503}
{"timestamp" : 1422907303.498384, "sensor" : 1, "value" : 503}
{"timestamp" : 1422907304.498197, "sensor" : 1, "value" : 507}
{"timestamp" : 1422907305.498332, "sensor" : 1, "value" : 502}
{"timestamp" : 1422907306.498311, "sensor" : 1, "value" : 504}
{"timestamp" : 1422907307.498279, "sensor" : 1, "value" : 503}
{"timestamp" : 1422907308.498173, "sensor" : 1, "value" : 504}
{"timestamp" : 1422907309.498215, "sensor" : 1, "value" : 504}
{"timestamp" : 1422907310.498109, "sensor" : 1, "value" : 502}
{"timestamp" : 1422907311.498078, "sensor" : 1, "value" : 502}
{"timestamp" : 1422907312.498049, "sensor" : 1, "value" : 504}
{"timestamp" : 1422907313.498055, "sensor" : 1, "value" : 505}
{"timestamp" : 1422907314.497986, "sensor" : 1, "value" : 505}
{"timestamp" : 1422907315.497951, "sensor" : 1, "value" : 508}
{"timestamp" : 1422907316.497920, "sensor" : 1, "value" : 505}
{"timestamp" : 1422907317.497886, "sensor" : 1, "value" : 505}
{"timestamp" : 1422907318.497857, "sensor" : 1, "value" : 504}
{"timestamp" : 1422907319.497825, "sensor" : 1, "value" : 504}
{"timestamp" : 1422907320.497793, "sensor" : 1, "value" : 501}
{"timestamp" : 1422907321.497766, "sensor" : 1, "value" : 504}
{"timestamp" : 1422907322.497734, "sensor" : 1, "value" : 505}
{"timestamp" : 1422907323.497721, "sensor" : 1, "value" : 501}
{"timestamp" : 1422907324.497683, "sensor" : 1, "value" : 503}
{"timestamp" : 1422907325.497637, "sensor" : 1, "value" : 503}
{"timestamp" : 1422907326.497602, "sensor" : 1, "value" : 506}
{"timestamp" : 1422907327.497572, "sensor" : 1, "value" : 505}
{"timestamp" : 1422907328.497541, "sensor" : 1, "value" : 510}
{"timestamp" : 1422907329.497504, "sensor" : 1, "value" : 500}
{"timestamp" : 1422907330.497422, "sensor" : 1, "value" : 500}
{"timestamp" : 1422907331.497380, "sensor" : 1, "value" : 504}
{"timestamp" : 1422907332.497361, "sensor" : 1, "value" : 501}
{"timestamp" : 1422907333.497325, "sensor" : 1, "value" : 505}
{"timestamp" : 1422907334.505348, "sensor" : 1, "value" : 504}
{"timestamp" : 1422907335.505320, "sensor" : 1, "value" : 505}
{"timestamp" : 1422907336.505284, "sensor" : 1, "value" : 511}
{"timestamp" : 1422907337.505253, "sensor" : 1, "value" : 501}
{"timestamp" : 1422907338.505263, "sensor" : 1, "value" : 504}
{"timestamp" : 1422907339.505265, "sensor" : 1, "value" : 503}
{"timestamp" : 1422907340.505157, "sensor" : 1, "value" : 503}
{"timestamp" : 1422907341.505144, "sensor" : 1, "value" : 507}
{"timestamp" : 1422907342.505124, "sensor" : 1, "value" : 506}
{"timestamp" : 1422907343.505105, "sensor" : 1, "value" : 507}
{"timestamp" : 1422907344.505098, "sensor" : 1, "value" : 498}
{"timestamp" : 1422907345.504999, "sensor" : 1, "value" : 502}
{"timestamp" : 1422907346.504968, "sensor" : 1, "value" : 504}
{"timestamp" : 1422907347.505052, "sensor" : 1, "value" : 499}
{"timestamp" : 1422907348.504905, "sensor" : 1, "value" : 506}
{"timestamp" : 1422907349.504933, "sensor" : 1, "value" : 502}
{"timestamp" : 1422907350.504850, "sensor" : 1, "value" : 506}
{"timestamp" : 1422907351.504813, "sensor" : 1, "value" : 501}
{"timestamp" : 1422907352.504778, "sensor" : 1, "value" : 496}
{"timestamp" : 1422907353.504744, "sensor" : 1, "value" : 509}
{"timestamp" : 1422907354.504714, "sensor" : 1, "value" : 513}
{"timestamp" : 1422907355.504681, "sensor" : 1, "value" : 508}
{"timestamp" : 1422907356.504650, "sensor" : 1, "value" : 505}
{"timestamp" : 1422907357.504619, "sensor" : 1, "value" : 503}
{"timestamp" : 1422907358.504588, "sensor" : 1, "value" : 504}
{"timestamp" : 1422907359.504557, "sensor" : 1, "value" : 499}
{"timestamp" : 1422907360.504466, "sensor" : 1, "value" : 501}
{"timestamp" : 1422907361.504433, "sensor" : 1, "value" : 506}
{"timestamp" : 1422907362.504443, "sensor" : 1, "value" : 502}
{"timestamp" : 1422907363.504470, "sensor" : 1, "value" : 508}
{"timestamp" : 1422907364.504398, "sensor" : 1, "value" : 504}
{"timestamp" : 1422907365.504375, "sensor" : 1, "value" : 501}
{"timestamp" : 1422907366.504350, "sensor" : 1, "value" : 499}
{"timestamp" : 1422907367.504305, "sensor" : 1, "value" : 505}
{"timestamp" : 1422907368.536212, "sensor" : 1, "value" : 506}
{"timestamp" : 1422907369.536235, "sensor" : 1, "value" : 504}
{"timestamp" : 1422907370.536218, "sensor" : 1, "value" : 504}
{"timestamp" : 1422907371.536178, "sensor" : 1, "value" : 507}
{"timestamp" : 1422907372.536143, "sensor" : 1, "value" : 502}
{"timestamp" : 1422907373.536111, "sensor" : 1, "value" : 503}
{"timestamp" : 1422907374.536076, "sensor" : 1, "value" : 507}
{"timestamp" : 1422907375.536048, "sensor" : 1, "value" : 500}
{"timestamp" : 1422907376.536024, "sensor" : 1, "value" : 503}
{"timestamp" : 1422907377.536003, "sensor" : 1, "value" : 507}
{"timestamp" : 1422907378.535910, "sensor" : 1, "value" : 507}
{"timestamp" : 1422907379.535980, "sensor" : 1, "value" : 503}
{"timestamp" : 1422907380.535899, "sensor" : 1, "value" : 501}
{"timestamp" : 1422907381.535930, "sensor" : 1, "value" : 502}
{"timestamp" : 1422907382.535798, "sensor" : 1, "value" : 504}
{"timestamp" : 1422907383.535898, "sensor" : 1, "value" : 503}
{"timestamp" : 1422907384.535812, "sensor" : 1, "value" : 503}
{"timestamp" : 1422907385.535730, "sensor" : 1, "value" : 505}
{"timestamp" : 1422907386.535810, "sensor" : 1, "value" : 502}
{"timestamp" : 1422907387.535666, "sensor" : 1, "value" : 508}
{"timestamp" : 1422907388.535632, "sensor" : 1, "value" : 508}
{"timestamp" : 1422907389.535649, "sensor" : 1, "value" : 498}
{"timestamp" : 1422907390.535573, "sensor" : 1, "value" : 505}
{"timestamp" : 1422907391.535541, "sensor" : 1, "value" : 499}
{"timestamp" : 1422907392.535509, "sensor" : 1, "value" : 504}
{"timestamp" : 1422907393.535505, "sensor" : 1, "value" : 502}
{"timestamp" : 1422907394.535445, "sensor" : 1, "value" : 505}
{"timestamp" : 1422907395.535454, "sensor" : 1, "value" : 510}
{"timestamp" : 1422907396.535338, "sensor" : 1, "value" : 502}
{"timestamp" : 1422907397.535352, "sensor" : 1, "value" : 507}
{"timestamp" : 1422907398.535325, "sensor" : 1, "value" : 504}
{"timestamp" : 1422907399.551289, "sensor" : 1, "value" : 504}
{"timestamp" : 1422907400.551254, "sensor" : 1, "value" : 500}
{"timestamp" : 1422907401.551264, "sensor" : 1, "value" : 506}
{"timestamp" : 1422907402.551192, "sensor" : 1, "value" : 502}
{"timestamp" : 1422907403.551200, "sensor" : 1, "value" : 500}
{"timestamp" : 1422907404.551127, "sensor" : 1, "value" : 506}
{"timestamp" : 1422907405.551202, "sensor" : 1, "value" : 507}
{"timestamp" : 1422907406.551064, "sensor" : 1, "value" : 502}
{"timestamp" : 1422907407.551046, "sensor" : 1, "value" : 511}
{"timestamp" : 1422907408.551018, "sensor" : 1, "value" : 501}
{"timestamp" : 1422907409.551078, "sensor" : 1, "value" : 505}
{"timestamp" : 1422907410.551009, "sensor" : 1, "value" : 507}
{"timestamp" : 1422907411.550903, "sensor" : 1, "value" : 503}
{"timestamp" : 1422907412.550819, "sensor" : 1, "value" : 497}
{"timestamp" : 1422907413.550869, "sensor" : 1, "value" : 505}
{"timestamp" : 1422907414.550742, "sensor" : 1, "value" : 508}
{"timestamp" : 1422907415.550868, "sensor" : 1, "value" : 505}
{"timestamp" : 1422907416.550865, "sensor" : 1, "value" : 507}
{"timestamp" : 1422907417.550820, "sensor" : 1,