{"timestamp" : 1422906692.053661, "sensor" : 0, "value" : 507}
{"timestamp" : 1422906693.053621, "sensor" : 0, "value" : 504}
{"timestamp" : 1422906694.053630, "sensor" : 0, "value" : 507}
{"timestamp" : 1422906695.053512, "sensor" : 0, "value" : 513}
{"timestamp" : 1422906696.053575, "sensor" : 0, "value" : 504}
{"timestamp" : 1422906697.093567, "sensor" : 0, "value" : 508}
{"timestamp" : 1422906698.093528, "sensor" : 0, "value" : 514}
{"timestamp" : 1422906699.093495, "sensor" : 0, "value" : 508}
{"timestamp" : 1422906700.093430, "sensor" : 0, "value" : 510}
{"timestamp" : 1422906701.093408, "sensor" : 0, "value" : 510}
{"timestamp" : 1422906702.093408, "sensor" : 0, "value" : 508}
{"timestamp" : 1422906703.093365, "sensor" : 0, "value" : 508}
{"timestamp" : 1422906704.093282, "sensor" : 0, "value" : 513}
{"timestamp" : 1422906705.093250, "sensor" : 0, "value" : 505}
{"timestamp" : 1422906706.093231, "sensor" : 0, "value" : 505}
{"timestamp" : 1422906707.093221, "sensor" : 0, "value" : 508}
{"timestamp" : 1422906708.093158, "sensor" : 0, "value" : 512}
{"timestamp" : 1422906709.093125, "sensor" : 0, "value" : 510}
{"timestamp" : 1422906710.093093, "sensor" : 0, "value" : 506}
{"timestamp" : 1422906711.093062, "sensor" : 0, "value" : 508}
{"timestamp" : 1422906712.093031, "sensor" : 0, "value" : 507}
{"timestamp" : 1422906713.092998, "sensor" : 0, "value" : 511}
{"timestamp" : 1422906714.092968, "sensor" : 0, "value" : 508}
{"timestamp" : 1422906715.092953, "sensor" : 0, "value" : 504}
{"timestamp" : 1422906716.092903, "sensor" : 0, "value" : 507}
{"timestamp" : 1422906717.092872, "sensor" : 0, "value" : 509}
{"timestamp" : 1422906718.092840, "sensor" : 0, "value" : 508}
{"timestamp" : 1422906719.092808, "sensor" : 0, "value" : 504}
{"timestamp" : 1422906720.092776, "sensor" : 0, "value" : 508}
{"timestamp" : 1422906721.092746, "sensor" : 0, "value" : 511}
{"timestamp" : 1422906722.092714, "sensor" : 0, "value" : 504}
{"timestamp" : 1422906723.092567, "sensor" : 0, "value" : 509}
{"timestamp" : 1422906724.092650, "sensor" : 0, "value" : 507}
{"timestamp" : 1422906725.092618, "sensor" : 0, "value" : 507}
{"timestamp" : 1422906726.092587, "sensor" : 0, "value" : 508}
{"timestamp" : 1422906727.092558, "sensor" : 0, "value" : 509}
{"timestamp" : 1422906728.092521, "sensor" : 0, "value" : 512}
{"timestamp" : 1422906729.092493, "sensor" : 0, "value" : 509}
{"timestamp" : 1422906730.092460, "sensor" : 0, "value" : 503}
{"timestamp" : 1422906731.092407, "sensor" : 0, "value" : 504}
{"timestamp" : 1422906732.092448, "sensor" : 0, "value" : 516}
{"timestamp" : 1422906733.092378, "sensor" : 0, "value" : 505}
{"timestamp" : 1422906734.092346, "sensor" : 0, "value" : 505}
{"timestamp" : 1422906735.092329, "sensor" : 0, "value" : 510}
{"timestamp" : 1422906736.092271, "sensor" : 0, "value" : 509}
{"timestamp" : 1422906737.116158, "sensor" : 0, "value" : 505}
{"timestamp" : 1422906738.124121, "sensor" : 0, "value" : 507}
{"timestamp" : 1422906739.124170, "sensor" : 0, "value" : 508}
{"timestamp" : 1422906740.124084, "sensor" : 0, "value" : 510}
{"timestamp" : 1422906741.124109, "sensor" : 0, "value" : 510}
{"timestamp" : 1422906742.124078, "sensor" : 0, "value" : 509}
{"timestamp" : 1422906743.124004, "sensor" : 0, "value" : 508}
{"timestamp" : 1422906744.124007, "sensor" : 0, "value" : 507}
{"timestamp" : 1422906745.123942, "sensor" : 0, "value" : 508}
{"timestamp" : 1422906746.123892, "sensor" : 0, "value" : 512}
{"timestamp" : 1422906747.123863, "sensor" : 0, "value" : 506}
{"timestamp" : 1422906748.123888, "sensor" : 0, "value" : 506}
{"timestamp" : 1422906749.123860, "sensor" : 0, "value" : 508}
{"timestamp" : 1422906750.123782, "sensor" : 0, "value" : 506}
{"timestamp" : 1422906751.123742, "sensor" : 0, "value" : 509}
{"timestamp" : 1422906752.123741, "sensor" : 0, "value" : 513}
{"timestamp" : 1422906753.123664, "sensor" : 0, "value" : 503}
{"timestamp" : 1422906754.123715, "sensor" : 0, "value" : 508}
{"timestamp" : 1422906755.123603, "sensor" : 0, "value" : 510}
{"timestamp" : 1422906756.123637, "sensor" : 0, "value" : 505}
{"timestamp" : 1422906757.123550, "sensor" : 0, "value" : 510}
{"timestamp" : 1422906758.123503, "sensor" : 0, "value" : 507}
{"timestamp" : 1422906759.123468, "sensor" : 0, "value" : 508}
{"timestamp" : 1422906760.123472, "sensor" : 0, "value" : 510}
{"timestamp" : 1422906761.123406, "sensor" : 0, "value" : 503}
{"timestamp" : 1422906762.123437, "sensor" : 0, "value" : 509}
{"timestamp" : 1422906763.123355, "sensor" : 0, "value" : 512}
{"timestamp" : 1422906764.123314, "sensor" : 0, "value" : 506}
{"timestamp" : 1422906765.123279, "sensor" : 0, "value" : 510}
{"timestamp" : 1422906766.123249, "sensor" : 0, "value" : 503}
{"timestamp" : 1422906767.123215, "sensor" : 0, "value" : 509}
{"timestamp" : 1422906768.123190, "sensor" : 0, "value" : 509}
{"timestamp" : 1422906769.123154, "sensor" : 0, "value" : 511}
{"timestamp" : 1422906770.123180, "sensor" : 0, "value" : 504}
{"timestamp" : 1422906771.155162, "sensor" : 0, "value" : 510}
{"timestamp" : 1422906772.155134, "sensor" : 0, "value" : 507}
{"timestamp" : 1422906773.155099, "sensor" : 0, "value" : 505}
{"timestamp" : 1422906774.155072, "sensor" : 0, "value" : 512}
{"timestamp" : 1422906775.155043, "sensor" : 0, "value" : 507}
{"timestamp" : 1422906776.155004, "sensor" : 0, "value" : 512}
{"timestamp" : 1422906777.154972, "sensor" : 0, "value" : 505}
{"timestamp" : 1422906778.154940, "sensor" : 0, "value" : 507}
{"timestamp" : 1422906779.154910, "sensor" : 0, "value" : 506}
{"timestamp" : 1422906780.154878, "sensor" : 0, "value" : 507}
{"timestamp" : 1422906781.154847, "sensor" : 0, "value" : 513}
{"timestamp" : 1422906782.154813, "sensor" : 0, "value" : 504}
{"timestamp" : 1422906783.154782, "sensor" : 0, "value" : 511}
{"timestamp" : 1422906784.154750, "sensor" : 0, "value" : 506}
{"timestamp" : 1422906785.154725, "sensor" : 0, "value" : 509}
{"timestamp" : 1422906786.154686, "sensor" : 0, "value" : 508}
{"timestamp" : 1422906787.154551, "sensor" : 0, "value" : 509}
{"timestamp" : 1422906788.154629, "sensor" : 0, "value" : 511}
{"timestamp" : 1422906789.154592, "sensor" : 0, "value" : 505}
{"timestamp" : 1422906790.154561, "sensor" : 0, "value" : 507}
{"timestamp" : 1422906791.154529, "sensor" : 0, "value" : 506}
{"timestamp" : 1422906792.154512, "sensor" : 0, "value" : 511}
{"timestamp" : 1422906793.154472, "sensor" : 0, "value" : 506}
{"timestamp" : 1422906794.154435, "sensor" : 0, "value" : 509}
{"timestamp" : 1422906795.154447, "sensor" : 0, "value" : 508}
{"timestamp" : 1422906796.154435, "sensor" : 0, "value" : 504}
{"timestamp" : 1422906797.154344, "sensor" : 0, "value" : 513}
{"timestamp" : 1422906798.154307, "sensor" : 0, "value" : 505}
{"timestamp" : 1422906799.154277, "sensor" : 0, "value" : 507}
{"timestamp" : 1422906800.154244, "sensor" : 0, "value" : 508}
{"timestamp" : 1422906801.154214, "sensor" : 0, "value" : 513}
{"timestamp" : 1422906802.154187, "sensor" : 0, "value" : 504}
{"timestamp" : 1422906803.154163, "sensor" : 0, "value" : 510}
{"timestamp" : 1422906804.170148, "sensor" : 0, "value" : 504}
{"timestamp" : 1422906805.170083, "sensor" : 0, "value" : 508}
{"timestamp" : 1422906806.170053, "sensor" : 0, "value" : 512}
{"timestamp" : 1422906807.170019, "sensor" : 0, "value" : 507}
{"timestamp" : 1422906808.169989, "sensor" : 0, "value" : 505}
{"timestamp" : 1422906809.169956, "sensor" : 0, "value" : 511}
{"timestamp" : 1422906810.169970, "sensor" : 0, "value" : 506}
{"timestamp" : 1422906811.169876, "sensor" : 0, "value" : 508}
{"timestamp" : 1422906812.169857, "sensor" : 0, "value" : 509}
{"timestamp" : 1422906813.169827, "sensor" : 0, "value" : 507}
{"timestamp" : 1422906814.169817, "sensor" : 0, "value" : 510}
{"timestamp" : 1422906815.169771, "sensor" : 0, "value" : 506}
{"timestamp" : 1422906816.169817, "sensor" : 0, "value" : 511}
{"timestamp" : 1422906817.169743, "sensor" : 0, "value" : 507}
{"timestamp" : 1422906818.169676, "sensor" : 0,