{"value":492,"sensor":"1","timestamp":1437401275.748703}
{"value":488,"sensor":"1","timestamp":1437401276.748636}
{"value":496,"sensor":"1","timestamp":1437401277.748638}
{"value":491,"sensor":"1","timestamp":1437401278.748695}
{"value":494,"sensor":"1","timestamp":1437401279.748727}
{"value":491,"sensor":"1","timestamp":1437401280.748756}
{"value":493,"sensor":"1","timestamp":1437401281.748825}
{"value":495,"sensor":"1","timestamp":1437401282.74883}
{"value":493,"sensor":"1","timestamp":1437401283.748766}
{"value":486,"sensor":"1","timestamp":1437401284.748839}
{"value":493,"sensor":"1","timestamp":1437401285.748847}
{"value":490,"sensor":"1","timestamp":1437401286.748869}
{"value":495,"sensor":"1","timestamp":1437401287.748977}
{"value":493,"sensor":"1","timestamp":1437401288.748925}
{"value":493,"sensor":"1","timestamp":1437401289.748952}
{"value":492,"sensor":"1","timestamp":1437401290.748982}
{"value":490,"sensor":"1","timestamp":1437401291.749041}
{"value":491,"sensor":"1","timestamp":1437401292.749023}
{"value":492,"sensor":"1","timestamp":1437401293.749131}
{"value":493,"sensor":"1","timestamp":1437401294.749092}
{"value":493,"sensor":"1","timestamp":1437401295.749167}
{"value":494,"sensor":"1","timestamp":1437401296.749111}
{"value":493,"sensor":"1","timestamp":1437401297.749186}
{"value":488,"sensor":"1","timestamp":1437401298.74918}
{"value":494,"sensor":"1","timestamp":1437401299.749233}
{"value":490,"sensor":"1","timestamp":1437401300.749251}
{"value":493,"sensor":"1","timestamp":1437401301.749192}
{"value":494,"sensor":"1","timestamp":1437401302.749323}
{"value":491,"sensor":"1","timestamp":1437401303.749336}
{"value":492,"sensor":"1","timestamp":1437401304.749333}
{"value":495,"sensor":"1","timestamp":1437401305.749542}
{"value":490,"sensor":"1","timestamp":1437401306.74939}
{"value":490,"sensor":"1","timestamp":1437401307.749447}
{"value":489,"sensor":"1","timestamp":1437401308.749474}
{"value":495,"sensor":"1","timestamp":1437401309.749527}
{"value":492,"sensor":"1","timestamp":1437401310.749415}
{"value":497,"sensor":"1","timestamp":1437401311.749554}
{"value":491,"sensor":"1","timestamp":1437401312.749551}
{"value":494,"sensor":"1","timestamp":1437401313.749597}
{"value":485,"sensor":"1","timestamp":1437401314.749828}
{"value":494,"sensor":"1","timestamp":1437401315.74955}
{"value":493,"sensor":"1","timestamp":1437401316.749633}
{"value":491,"sensor":"1","timestamp":1437401317.749709}
{"value":489,"sensor":"1","timestamp":1437401318.749769}
{"value":492,"sensor":"1","timestamp":1437401319.749753}
{"value":497,"sensor":"1","timestamp":1437401320.749756}
{"value":493,"sensor":"1","timestamp":1437401321.749836}
{"value":493,"sensor":"1","timestamp":1437401322.749988}
{"value":490,"sensor":"1","timestamp":1437401323.749791}
{"value":492,"sensor":"1","timestamp":1437401324.749841}
{"value":490,"sensor":"1","timestamp":1437401325.749842}
{"value":493,"sensor":"1","timestamp":1437401326.74994}
{"value":492,"sensor":"1","timestamp":1437401327.749945}
{"value":497,"sensor":"1","timestamp":1437401328.750056}
{"value":495,"sensor":"1","timestamp":1437401329.749956}
{"value":494,"sensor":"1","timestamp":1437401330.750001}
{"value":483,"sensor":"1","timestamp":1437401331.750039}
{"value":489,"sensor":"1","timestamp":1437401332.750043}
{"value":494,"sensor":"1","timestamp":1437401333.750078}
{"value":495,"sensor":"1","timestamp":1437401334.750117}
{"value":491,"sensor":"1","timestamp":1437401335.750123}
{"value":497,"sensor":"1","timestamp":1437401336.7501}
{"value":494,"sensor":"1","timestamp":1437401337.750209}
{"value":489,"sensor":"1","timestamp":1437401338.750174}
{"value":488,"sensor":"1","timestamp":1437401339.750215}
{"value":492,"sensor":"1","timestamp":1437401340.750241}
{"value":493,"sensor":"1","timestamp":1437401341.750297}
{"value":491,"sensor":"1","timestamp":1437401342.750283}
{"value":497,"sensor":"1","timestamp":1437401343.774248}
{"value":491,"sensor":"1","timestamp":1437401344.774297}
{"value":489,"sensor":"1","timestamp":1437401345.774286}
{"value":491,"sensor":"1","timestamp":1437401346.774318}
{"value":491,"sensor":"1","timestamp":1437401347.774331}
{"value":495,"sensor":"1","timestamp":1437401348.774404}
{"value":492,"sensor":"1","timestamp":1437401349.774453}
{"value":498,"sensor":"1","timestamp":1437401350.774424}
{"value":490,"sensor":"1","timestamp":1437401351.774436}
{"value":492,"sensor":"1","timestamp":1437401352.774501}
{"value":490,"sensor":"1","timestamp":1437401353.774535}
{"value":491,"sensor":"1","timestamp":1437401354.774524}
{"value":486,"sensor":"1","timestamp":1437401355.774601}
{"value":491,"sensor":"1","timestamp":1437401356.774608}
{"value":501,"sensor":"1","timestamp":1437401357.774706}
{"value":492,"sensor":"1","timestamp":1437401358.774623}
{"value":486,"sensor":"1","timestamp":1437401359.774741}
{"value":494,"sensor":"1","timestamp":1437401360.774727}
{"value":493,"sensor":"1","timestamp":1437401361.774794}
{"value":491,"sensor":"1","timestamp":1437401362.774728}
{"value":499,"sensor":"1","timestamp":1437401363.77479}
{"value":489,"sensor":"1","timestamp":1437401364.774813}
{"value":489,"sensor":"1","timestamp":1437401365.77484}
{"value":492,"sensor":"1","timestamp":1437401366.774852}
{"value":490,"sensor":"1","timestamp":1437401367.77487}
{"value":494,"sensor":"1","timestamp":1437401368.774932}
{"value":489,"sensor":"1","timestamp":1437401369.774953}
{"value":492,"sensor":"1","timestamp":1437401370.774968}
{"value":495,"sensor":"1","timestamp":1437401371.775004}
{"value":497,"sensor":"1","timestamp":1437401372.774941}
{"value":487,"sensor":"1","timestamp":1437401373.775027}
{"value":494,"sensor":"1","timestamp":1437401374.775078}
{"value":489,"sensor":"1","timestamp":1437401375.7991}
{"value":493,"sensor":"1","timestamp":1437401376.799101}
{"value":495,"sensor":"1","timestamp":1437401377.799162}
{"value":491,"sensor":"1","timestamp":1437401378.799139}
{"value":495,"sensor":"1","timestamp":1437401379.799183}
{"value":490,"sensor":"1","timestamp":1437401380.799178}
{"value":493,"sensor":"1","timestamp":1437401381.799242}
{"value":491,"sensor":"1","timestamp":1437401382.799241}
{"value":492,"sensor":"1","timestamp":1437401383.799318}
{"value":493,"sensor":"1","timestamp":1437401384.799283}
{"value":493,"sensor":"1","timestamp":1437401385.799318}
{"value":490,"sensor":"1","timestamp":1437401386.799353}
{"value":489,"sensor":"1","timestamp":1437401387.799408}
{"value":494,"sensor":"1","timestamp":1437401388.799419}
{"value":493,"sensor":"1","timestamp":1437401389.799471}
{"value":492,"sensor":"1","timestamp":1437401390.799483}
{"value":490,"sensor":"1","timestamp":1437401391.799501}
{"value":493,"sensor":"1","timestamp":1437401392.799518}
{"value":496,"sensor":"1","timestamp":1437401393.79956}
{"value":485,"sensor":"1","timestamp":1437401394.799532}
{"value":494,"sensor":"1","timestamp":1437401395.799614}
{"value":496,"sensor":"1","timestamp":1437401396.799583}
{"value":490,"sensor":"1","timestamp":1437401397.799641}
{"value":490,"sensor":"1","timestamp":1437401398.799685}
{"value":491,"sensor":"1","timestamp":1437401399.799659}
{"value":492,"sensor":"1","timestamp":1437401400.799713}
{"value":492,"sensor":"1","timestamp":1437401401.799783}
{"value":492,"sensor":"1","timestamp":1437401402.799729}
{"value":494,"sensor":"1","timestamp":1437401403.799808}
{"value":494,"sensor":"1","timestamp":1437401404.799778}
{"value":489,"sensor":"1","timestamp":1437401405.799791}
{"value":495,"sensor":"1","timestamp":1437401406.799852}
{"value":492,"sensor":"1","timestamp":1437401407.799856}
{"value":488,"sensor":"1","timestamp":1437401408.799889}
{"value":495,"sensor":"1","timestamp":1437401409.799962}
{"value":493,"sensor":"1","timestamp":1437401410.799928}
{"value":489,"sensor":"1","timestamp":1437401411.799988}
{"value":493,"sensor":"1","timestamp":1437401412.799964}
{"value":493,"sensor":"1","timestamp":1437401413.800084}
{"value":493,"sensor":"1","timestamp":1437401414.800012}
{"value":489,"sensor":"1",