{"value":564,"sensor":"1","timestamp":1437404976.831644}
{"value":541,"sensor":"1","timestamp":1437404977.831759}
{"value":336,"sensor":"1","timestamp":1437404978.831753}
{"value":558,"sensor":"1","timestamp":1437404979.831742}
{"value":688,"sensor":"1","timestamp":1437404980.831757}
{"value":449,"sensor":"1","timestamp":1437404981.831789}
{"value":461,"sensor":"1","timestamp":1437404982.831806}
{"value":458,"sensor":"1","timestamp":1437404983.831828}
{"value":461,"sensor":"1","timestamp":1437404984.831883}
{"value":453,"sensor":"1","timestamp":1437404985.831962}
{"value":519,"sensor":"1","timestamp":1437404986.863943}
{"value":610,"sensor":"1","timestamp":1437404987.863926}
{"value":434,"sensor":"1","timestamp":1437404988.863961}
{"value":453,"sensor":"1","timestamp":1437404989.864013}
{"value":491,"sensor":"1","timestamp":1437404990.863987}
{"value":464,"sensor":"1","timestamp":1437404991.864057}
{"value":665,"sensor":"1","timestamp":1437404992.864158}
{"value":236,"sensor":"1","timestamp":1437404993.864067}
{"value":532,"sensor":"1","timestamp":1437404994.864135}
{"value":584,"sensor":"1","timestamp":1437404995.864172}
{"value":516,"sensor":"1","timestamp":1437404996.864182}
{"value":489,"sensor":"1","timestamp":1437404997.864129}
{"value":480,"sensor":"1","timestamp":1437404998.864175}
{"value":479,"sensor":"1","timestamp":1437404999.864222}
{"value":489,"sensor":"1","timestamp":1437405000.864274}
{"value":491,"sensor":"1","timestamp":1437405001.864313}
{"value":497,"sensor":"1","timestamp":1437405002.864373}
{"value":492,"sensor":"1","timestamp":1437405003.864357}
{"value":507,"sensor":"1","timestamp":1437405004.864336}
{"value":480,"sensor":"1","timestamp":1437405005.864374}
{"value":464,"sensor":"1","timestamp":1437405006.864439}
{"value":521,"sensor":"1","timestamp":1437405007.864419}
{"value":491,"sensor":"1","timestamp":1437405008.864472}
{"value":493,"sensor":"1","timestamp":1437405009.864496}
{"value":491,"sensor":"1","timestamp":1437405010.864521}
{"value":497,"sensor":"1","timestamp":1437405011.86458}
{"value":478,"sensor":"1","timestamp":1437405012.864579}
{"value":493,"sensor":"1","timestamp":1437405013.864602}
{"value":497,"sensor":"1","timestamp":1437405014.8646}
{"value":525,"sensor":"1","timestamp":1437405015.86474}
{"value":484,"sensor":"1","timestamp":1437405016.864676}
{"value":443,"sensor":"1","timestamp":1437405017.864697}
{"value":504,"sensor":"1","timestamp":1437405018.864787}
{"value":494,"sensor":"1","timestamp":1437405019.864754}
{"value":507,"sensor":"1","timestamp":1437405020.864758}
{"value":487,"sensor":"1","timestamp":1437405021.86481}
{"value":494,"sensor":"1","timestamp":1437405022.864874}
{"value":499,"sensor":"1","timestamp":1437405023.864881}
{"value":485,"sensor":"1","timestamp":1437405024.864833}
{"value":474,"sensor":"1","timestamp":1437405025.864881}
{"value":521,"sensor":"1","timestamp":1437405026.864862}
{"value":487,"sensor":"1","timestamp":1437405027.864933}
{"value":478,"sensor":"1","timestamp":1437405028.864958}
{"value":540,"sensor":"1","timestamp":1437405029.865037}
{"value":464,"sensor":"1","timestamp":1437405030.865035}
{"value":465,"sensor":"1","timestamp":1437405031.865071}
{"value":493,"sensor":"1","timestamp":1437405032.864985}
{"value":502,"sensor":"1","timestamp":1437405033.865084}
{"value":494,"sensor":"1","timestamp":1437405034.865109}
{"value":491,"sensor":"1","timestamp":1437405035.865244}
{"value":486,"sensor":"1","timestamp":1437405036.865196}
{"value":518,"sensor":"1","timestamp":1437405037.865176}
{"value":485,"sensor":"1","timestamp":1437405038.865219}
{"value":473,"sensor":"1","timestamp":1437405039.865274}
{"value":485,"sensor":"1","timestamp":1437405040.865285}
{"value":545,"sensor":"1","timestamp":1437405041.865236}
{"value":467,"sensor":"1","timestamp":1437405042.865314}
{"value":463,"sensor":"1","timestamp":1437405043.865325}
{"value":489,"sensor":"1","timestamp":1437405044.865292}
{"value":518,"sensor":"1","timestamp":1437405045.865445}
{"value":495,"sensor":"1","timestamp":1437405046.865386}
{"value":489,"sensor":"1","timestamp":1437405047.865423}
{"value":491,"sensor":"1","timestamp":1437405048.865472}
{"value":497,"sensor":"1","timestamp":1437405049.865507}
{"value":485,"sensor":"1","timestamp":1437405050.865547}
{"value":492,"sensor":"1","timestamp":1437405051.8655}
{"value":492,"sensor":"1","timestamp":1437405052.865532}
{"value":488,"sensor":"1","timestamp":1437405053.865571}
{"value":503,"sensor":"1","timestamp":1437405054.865579}
{"value":495,"sensor":"1","timestamp":1437405055.865652}
{"value":477,"sensor":"1","timestamp":1437405056.865727}
{"value":497,"sensor":"1","timestamp":1437405057.865768}
{"value":495,"sensor":"1","timestamp":1437405058.865711}
{"value":492,"sensor":"1","timestamp":1437405059.865752}
{"value":464,"sensor":"1","timestamp":1437405060.865799}
{"value":519,"sensor":"1","timestamp":1437405061.865811}
{"value":528,"sensor":"1","timestamp":1437405062.865818}
{"value":467,"sensor":"1","timestamp":1437405063.905821}
{"value":473,"sensor":"1","timestamp":1437405064.90582}
{"value":478,"sensor":"1","timestamp":1437405065.905841}
{"value":522,"sensor":"1","timestamp":1437405066.905903}
{"value":487,"sensor":"1","timestamp":1437405067.905925}
{"value":493,"sensor":"1","timestamp":1437405068.905944}
{"value":499,"sensor":"1","timestamp":1437405069.906032}
{"value":491,"sensor":"1","timestamp":1437405070.906033}
{"value":490,"sensor":"1","timestamp":1437405071.906028}
{"value":487,"sensor":"1","timestamp":1437405072.906051}
{"value":498,"sensor":"1","timestamp":1437405073.906081}
{"value":489,"sensor":"1","timestamp":1437405074.906103}
{"value":490,"sensor":"1","timestamp":1437405075.906113}
{"value":504,"sensor":"1","timestamp":1437405076.906148}
{"value":480,"sensor":"1","timestamp":1437405077.906172}
{"value":488,"sensor":"1","timestamp":1437405078.906206}
{"value":501,"sensor":"1","timestamp":1437405079.9062}
{"value":488,"sensor":"1","timestamp":1437405080.906193}
{"value":487,"sensor":"1","timestamp":1437405081.906281}
{"value":496,"sensor":"1","timestamp":1437405082.906277}
{"value":496,"sensor":"1","timestamp":1437405083.906286}
{"value":486,"sensor":"1","timestamp":1437405084.906364}
{"value":497,"sensor":"1","timestamp":1437405085.906389}
{"value":481,"sensor":"1","timestamp":1437405086.906395}
{"value":504,"sensor":"1","timestamp":1437405087.90641}
{"value":533,"sensor":"1","timestamp":1437405088.906445}
{"value":410,"sensor":"1","timestamp":1437405089.906499}
{"value":533,"sensor":"1","timestamp":1437405090.90653}
{"value":540,"sensor":"1","timestamp":1437405091.90653}
{"value":424,"sensor":"1","timestamp":1437405092.90655}
{"value":494,"sensor":"1","timestamp":1437405093.906615}
{"value":451,"sensor":"1","timestamp":1437405094.906701}
{"value":554,"sensor":"1","timestamp":1437405095.906581}
{"value":515,"sensor":"1","timestamp":1437405096.906684}
{"value":456,"sensor":"1","timestamp":1437405097.906693}
{"value":505,"sensor":"1","timestamp":1437405098.906768}
{"value":466,"sensor":"1","timestamp":1437405099.906678}
{"value":525,"sensor":"1","timestamp":1437405100.906738}
{"value":516,"sensor":"1","timestamp":1437405101.906801}
{"value":443,"sensor":"1","timestamp":1437405102.906796}
{"value":517,"sensor":"1","timestamp":1437405103.906802}
{"value":485,"sensor":"1","timestamp":1437405104.906808}
{"value":467,"sensor":"1","timestamp":1437405105.906867}
{"value":479,"sensor":"1","timestamp":1437405106.906871}
{"value":545,"sensor":"1","timestamp":1437405107.906911}
{"value":501,"sensor":"1","timestamp":1437405108.906957}
{"value":454,"sensor":"1","timestamp":1437405109.906934}
{"value":488,"sensor":"1","timestamp":1437405110.907026}
{"value":500,"sensor":"1","timestamp":1437405111.907062}
{"value":503,"sensor":"1","timestamp":1437405112.907006}
{"value":515,"sensor":"1","timestamp":1437405113.907139}
{"value":451,"sensor":"1","timestamp":1437405114.907048}
{"value":451,"sensor":"1","timestamp":1437405115.907135}
{"value":561,"sensor":"1",