{"value":539,"sensor":"1","timestamp":1437405381.193645}
{"value":573,"sensor":"1","timestamp":1437405382.193634}
{"value":451,"sensor":"1","timestamp":1437405383.193642}
{"value":473,"sensor":"1","timestamp":1437405384.193792}
{"value":467,"sensor":"1","timestamp":1437405385.19374}
{"value":597,"sensor":"1","timestamp":1437405386.193729}
{"value":463,"sensor":"1","timestamp":1437405387.193786}
{"value":435,"sensor":"1","timestamp":1437405388.193854}
{"value":500,"sensor":"1","timestamp":1437405389.19381}
{"value":497,"sensor":"1","timestamp":1437405390.193832}
{"value":428,"sensor":"1","timestamp":1437405391.193888}
{"value":550,"sensor":"1","timestamp":1437405392.193855}
{"value":582,"sensor":"1","timestamp":1437405393.193909}
{"value":524,"sensor":"1","timestamp":1437405394.194031}
{"value":415,"sensor":"1","timestamp":1437405395.194048}
{"value":336,"sensor":"1","timestamp":1437405396.193993}
{"value":627,"sensor":"1","timestamp":1437405397.194071}
{"value":590,"sensor":"1","timestamp":1437405398.194058}
{"value":525,"sensor":"1","timestamp":1437405399.194095}
{"value":279,"sensor":"1","timestamp":1437405400.194058}
{"value":557,"sensor":"1","timestamp":1437405401.194099}
{"value":566,"sensor":"1","timestamp":1437405402.194218}
{"value":472,"sensor":"1","timestamp":1437405403.194147}
{"value":500,"sensor":"1","timestamp":1437405404.194184}
{"value":289,"sensor":"1","timestamp":1437405405.1942}
{"value":672,"sensor":"1","timestamp":1437405406.194282}
{"value":552,"sensor":"1","timestamp":1437405407.194253}
{"value":469,"sensor":"1","timestamp":1437405408.194362}
{"value":337,"sensor":"1","timestamp":1437405409.194295}
{"value":521,"sensor":"1","timestamp":1437405410.194397}
{"value":649,"sensor":"1","timestamp":1437405411.194352}
{"value":334,"sensor":"1","timestamp":1437405412.226389}
{"value":533,"sensor":"1","timestamp":1437405413.226429}
{"value":552,"sensor":"1","timestamp":1437405414.226446}
{"value":428,"sensor":"1","timestamp":1437405415.226533}
{"value":521,"sensor":"1","timestamp":1437405416.226485}
{"value":529,"sensor":"1","timestamp":1437405417.226528}
{"value":478,"sensor":"1","timestamp":1437405418.226566}
{"value":431,"sensor":"1","timestamp":1437405419.226569}
{"value":542,"sensor":"1","timestamp":1437405420.226551}
{"value":509,"sensor":"1","timestamp":1437405421.226614}
{"value":520,"sensor":"1","timestamp":1437405422.226652}
{"value":428,"sensor":"1","timestamp":1437405423.226744}
{"value":631,"sensor":"1","timestamp":1437405424.226865}
{"value":339,"sensor":"1","timestamp":1437405425.226715}
{"value":486,"sensor":"1","timestamp":1437405426.226754}
{"value":624,"sensor":"1","timestamp":1437405427.226806}
{"value":428,"sensor":"1","timestamp":1437405428.22683}
{"value":469,"sensor":"1","timestamp":1437405429.226832}
{"value":480,"sensor":"1","timestamp":1437405430.22684}
{"value":531,"sensor":"1","timestamp":1437405431.226857}
{"value":466,"sensor":"1","timestamp":1437405432.226824}
{"value":487,"sensor":"1","timestamp":1437405433.226922}
{"value":459,"sensor":"1","timestamp":1437405434.226941}
{"value":385,"sensor":"1","timestamp":1437405435.226938}
{"value":781,"sensor":"1","timestamp":1437405436.226951}
{"value":336,"sensor":"1","timestamp":1437405437.226991}
{"value":414,"sensor":"1","timestamp":1437405438.22703}
{"value":586,"sensor":"1","timestamp":1437405439.227056}
{"value":488,"sensor":"1","timestamp":1437405440.227029}
{"value":468,"sensor":"1","timestamp":1437405441.227065}
{"value":543,"sensor":"1","timestamp":1437405442.227054}
{"value":428,"sensor":"1","timestamp":1437405443.251145}
{"value":488,"sensor":"1","timestamp":1437405444.251153}
{"value":576,"sensor":"1","timestamp":1437405445.251225}
{"value":481,"sensor":"1","timestamp":1437405446.251228}
{"value":452,"sensor":"1","timestamp":1437405447.251257}
{"value":367,"sensor":"1","timestamp":1437405448.251298}
{"value":722,"sensor":"1","timestamp":1437405449.251302}
{"value":431,"sensor":"1","timestamp":1437405450.251303}
{"value":438,"sensor":"1","timestamp":1437405451.25133}
{"value":516,"sensor":"1","timestamp":1437405452.25137}
{"value":468,"sensor":"1","timestamp":1437405453.251439}
{"value":481,"sensor":"1","timestamp":1437405454.251376}
{"value":499,"sensor":"1","timestamp":1437405455.251422}
{"value":551,"sensor":"1","timestamp":1437405456.251569}
{"value":463,"sensor":"1","timestamp":1437405457.251498}
{"value":502,"sensor":"1","timestamp":1437405458.251492}
{"value":563,"sensor":"1","timestamp":1437405459.251578}
{"value":342,"sensor":"1","timestamp":1437405460.251612}
{"value":498,"sensor":"1","timestamp":1437405461.251599}
{"value":574,"sensor":"1","timestamp":1437405462.251601}
{"value":528,"sensor":"1","timestamp":1437405463.251646}
{"value":388,"sensor":"1","timestamp":1437405464.251763}
{"value":534,"sensor":"1","timestamp":1437405465.251757}
{"value":494,"sensor":"1","timestamp":1437405466.251739}
{"value":506,"sensor":"1","timestamp":1437405467.251758}
{"value":485,"sensor":"1","timestamp":1437405468.2518}
{"value":475,"sensor":"1","timestamp":1437405469.251792}
{"value":434,"sensor":"1","timestamp":1437405470.251808}
{"value":628,"sensor":"1","timestamp":1437405471.251836}
{"value":478,"sensor":"1","timestamp":1437405472.307855}
{"value":437,"sensor":"1","timestamp":1437405473.307886}
{"value":473,"sensor":"1","timestamp":1437405474.307944}
{"value":621,"sensor":"1","timestamp":1437405475.307937}
{"value":345,"sensor":"1","timestamp":1437405476.307932}
{"value":511,"sensor":"1","timestamp":1437405477.308012}
{"value":513,"sensor":"1","timestamp":1437405478.308049}
{"value":515,"sensor":"1","timestamp":1437405479.308055}
{"value":447,"sensor":"1","timestamp":1437405480.308028}
{"value":523,"sensor":"1","timestamp":1437405481.308085}
{"value":507,"sensor":"1","timestamp":1437405482.308131}
{"value":460,"sensor":"1","timestamp":1437405483.308134}
{"value":420,"sensor":"1","timestamp":1437405484.308134}
{"value":493,"sensor":"1","timestamp":1437405485.308205}
{"value":720,"sensor":"1","timestamp":1437405486.308218}
{"value":325,"sensor":"1","timestamp":1437405487.308235}
{"value":533,"sensor":"1","timestamp":1437405488.308249}
{"value":464,"sensor":"1","timestamp":1437405489.308332}
{"value":498,"sensor":"1","timestamp":1437405490.308336}
{"value":485,"sensor":"1","timestamp":1437405491.308341}
{"value":500,"sensor":"1","timestamp":1437405492.308383}
{"value":495,"sensor":"1","timestamp":1437405493.308375}
{"value":510,"sensor":"1","timestamp":1437405494.308367}
{"value":496,"sensor":"1","timestamp":1437405495.308457}
{"value":296,"sensor":"1","timestamp":1437405496.308466}
{"value":710,"sensor":"1","timestamp":1437405497.308521}
{"value":437,"sensor":"1","timestamp":1437405498.30854}
{"value":534,"sensor":"1","timestamp":1437405499.308456}
{"value":549,"sensor":"1","timestamp":1437405500.308573}
{"value":320,"sensor":"1","timestamp":1437405501.308569}
{"value":542,"sensor":"1","timestamp":1437405502.308587}
{"value":516,"sensor":"1","timestamp":1437405503.348566}
{"value":478,"sensor":"1","timestamp":1437405504.348619}
{"value":485,"sensor":"1","timestamp":1437405505.348709}
{"value":500,"sensor":"1","timestamp":1437405506.348699}
{"value":456,"sensor":"1","timestamp":1437405507.34876}
{"value":590,"sensor":"1","timestamp":1437405508.34887}
{"value":286,"sensor":"1","timestamp":1437405509.348811}
{"value":670,"sensor":"1","timestamp":1437405510.348803}
{"value":516,"sensor":"1","timestamp":1437405511.348824}
{"value":525,"sensor":"1","timestamp":1437405512.34887}
{"value":334,"sensor":"1","timestamp":1437405513.348898}
{"value":502,"sensor":"1","timestamp":1437405514.348899}
{"value":492,"sensor":"1","timestamp":1437405515.348906}
{"value":624,"sensor":"1","timestamp":1437405516.34894}
{"value":423,"sensor":"1","timestamp":1437405517.348928}
{"value":474,"sensor":"1","timestamp":1437405518.348943}
{"value":478,"sensor":"1","timestamp":1437405519.349005}
{"value":550,"sensor":"1","timestamp":1437405520.348964}
{"value":420,"sensor":"1",