{"value":499,"sensor":"1","timestamp":1437404536.188854}
{"value":489,"sensor":"1","timestamp":1437404537.188778}
{"value":489,"sensor":"1","timestamp":1437404538.188804}
{"value":468,"sensor":"1","timestamp":1437404539.188884}
{"value":537,"sensor":"1","timestamp":1437404540.188992}
{"value":460,"sensor":"1","timestamp":1437404541.188955}
{"value":506,"sensor":"1","timestamp":1437404542.188957}
{"value":479,"sensor":"1","timestamp":1437404543.220941}
{"value":490,"sensor":"1","timestamp":1437404544.22087}
{"value":490,"sensor":"1","timestamp":1437404545.22107}
{"value":532,"sensor":"1","timestamp":1437404546.221124}
{"value":429,"sensor":"1","timestamp":1437404547.221137}
{"value":516,"sensor":"1","timestamp":1437404548.221109}
{"value":503,"sensor":"1","timestamp":1437404549.221187}
{"value":523,"sensor":"1","timestamp":1437404550.221231}
{"value":407,"sensor":"1","timestamp":1437404551.221198}
{"value":537,"sensor":"1","timestamp":1437404552.221338}
{"value":564,"sensor":"1","timestamp":1437404553.221208}
{"value":422,"sensor":"1","timestamp":1437404554.221246}
{"value":501,"sensor":"1","timestamp":1437404555.221301}
{"value":459,"sensor":"1","timestamp":1437404556.221289}
{"value":525,"sensor":"1","timestamp":1437404557.221313}
{"value":495,"sensor":"1","timestamp":1437404558.221452}
{"value":441,"sensor":"1","timestamp":1437404559.221322}
{"value":535,"sensor":"1","timestamp":1437404560.221388}
{"value":503,"sensor":"1","timestamp":1437404561.221439}
{"value":489,"sensor":"1","timestamp":1437404562.221503}
{"value":513,"sensor":"1","timestamp":1437404563.221483}
{"value":499,"sensor":"1","timestamp":1437404564.221591}
{"value":439,"sensor":"1","timestamp":1437404565.221552}
{"value":486,"sensor":"1","timestamp":1437404566.221561}
{"value":490,"sensor":"1","timestamp":1437404567.221602}
{"value":503,"sensor":"1","timestamp":1437404568.221639}
{"value":509,"sensor":"1","timestamp":1437404569.22169}
{"value":495,"sensor":"1","timestamp":1437404570.221772}
{"value":486,"sensor":"1","timestamp":1437404571.221635}
{"value":496,"sensor":"1","timestamp":1437404572.221819}
{"value":447,"sensor":"1","timestamp":1437404573.221823}
{"value":526,"sensor":"1","timestamp":1437404574.221792}
{"value":509,"sensor":"1","timestamp":1437404575.221806}
{"value":483,"sensor":"1","timestamp":1437404576.221748}
{"value":522,"sensor":"1","timestamp":1437404577.221812}
{"value":415,"sensor":"1","timestamp":1437404578.221856}
{"value":533,"sensor":"1","timestamp":1437404579.221903}
{"value":507,"sensor":"1","timestamp":1437404580.22196}
{"value":538,"sensor":"1","timestamp":1437404581.22193}
{"value":496,"sensor":"1","timestamp":1437404582.221933}
{"value":359,"sensor":"1","timestamp":1437404583.221972}
{"value":517,"sensor":"1","timestamp":1437404584.221931}
{"value":551,"sensor":"1","timestamp":1437404585.221995}
{"value":489,"sensor":"1","timestamp":1437404586.221989}
{"value":486,"sensor":"1","timestamp":1437404587.222134}
{"value":495,"sensor":"1","timestamp":1437404588.222092}
{"value":486,"sensor":"1","timestamp":1437404589.222145}
{"value":495,"sensor":"1","timestamp":1437404590.222064}
{"value":489,"sensor":"1","timestamp":1437404591.222178}
{"value":488,"sensor":"1","timestamp":1437404592.222192}
{"value":493,"sensor":"1","timestamp":1437404593.222209}
{"value":500,"sensor":"1","timestamp":1437404594.222284}
{"value":490,"sensor":"1","timestamp":1437404595.222307}
{"value":494,"sensor":"1","timestamp":1437404596.222258}
{"value":506,"sensor":"1","timestamp":1437404597.222357}
{"value":490,"sensor":"1","timestamp":1437404598.222391}
{"value":465,"sensor":"1","timestamp":1437404599.222387}
{"value":490,"sensor":"1","timestamp":1437404600.222398}
{"value":491,"sensor":"1","timestamp":1437404601.222444}
{"value":516,"sensor":"1","timestamp":1437404602.222502}
{"value":554,"sensor":"1","timestamp":1437404603.22247}
{"value":412,"sensor":"1","timestamp":1437404604.222523}
{"value":494,"sensor":"1","timestamp":1437404605.270554}
{"value":510,"sensor":"1","timestamp":1437404606.270547}
{"value":467,"sensor":"1","timestamp":1437404607.270585}
{"value":512,"sensor":"1","timestamp":1437404608.270604}
{"value":485,"sensor":"1","timestamp":1437404609.270638}
{"value":498,"sensor":"1","timestamp":1437404610.27065}
{"value":492,"sensor":"1","timestamp":1437404611.270689}
{"value":467,"sensor":"1","timestamp":1437404612.270756}
{"value":534,"sensor":"1","timestamp":1437404613.270733}
{"value":456,"sensor":"1","timestamp":1437404614.270713}
{"value":512,"sensor":"1","timestamp":1437404615.27073}
{"value":490,"sensor":"1","timestamp":1437404616.270745}
{"value":504,"sensor":"1","timestamp":1437404617.270791}
{"value":498,"sensor":"1","timestamp":1437404618.270827}
{"value":479,"sensor":"1","timestamp":1437404619.270843}
{"value":469,"sensor":"1","timestamp":1437404620.270846}
{"value":507,"sensor":"1","timestamp":1437404621.270888}
{"value":478,"sensor":"1","timestamp":1437404622.270935}
{"value":510,"sensor":"1","timestamp":1437404623.270988}
{"value":488,"sensor":"1","timestamp":1437404624.270975}
{"value":482,"sensor":"1","timestamp":1437404625.270982}
{"value":506,"sensor":"1","timestamp":1437404626.271122}
{"value":492,"sensor":"1","timestamp":1437404627.271095}
{"value":496,"sensor":"1","timestamp":1437404628.271102}
{"value":488,"sensor":"1","timestamp":1437404629.271134}
{"value":485,"sensor":"1","timestamp":1437404630.271133}
{"value":497,"sensor":"1","timestamp":1437404631.27117}
{"value":494,"sensor":"1","timestamp":1437404632.271176}
{"value":500,"sensor":"1","timestamp":1437404633.271238}
{"value":482,"sensor":"1","timestamp":1437404634.271299}
{"value":493,"sensor":"1","timestamp":1437404635.271307}
{"value":496,"sensor":"1","timestamp":1437404636.271334}
{"value":492,"sensor":"1","timestamp":1437404637.271412}
{"value":495,"sensor":"1","timestamp":1437404638.271299}
{"value":482,"sensor":"1","timestamp":1437404639.271407}
{"value":494,"sensor":"1","timestamp":1437404640.271399}
{"value":490,"sensor":"1","timestamp":1437404641.271422}
{"value":497,"sensor":"1","timestamp":1437404642.271411}
{"value":483,"sensor":"1","timestamp":1437404643.271445}
{"value":512,"sensor":"1","timestamp":1437404644.271501}
{"value":488,"sensor":"1","timestamp":1437404645.271518}
{"value":499,"sensor":"1","timestamp":1437404646.271595}
{"value":574,"sensor":"1","timestamp":1437404647.271629}
{"value":362,"sensor":"1","timestamp":1437404648.271619}
{"value":522,"sensor":"1","timestamp":1437404649.271634}
{"value":496,"sensor":"1","timestamp":1437404650.271653}
{"value":497,"sensor":"1","timestamp":1437404651.271651}
{"value":487,"sensor":"1","timestamp":1437404652.271713}
{"value":489,"sensor":"1","timestamp":1437404653.271688}
{"value":501,"sensor":"1","timestamp":1437404654.27179}
{"value":498,"sensor":"1","timestamp":1437404655.271766}
{"value":487,"sensor":"1","timestamp":1437404656.271819}
{"value":493,"sensor":"1","timestamp":1437404657.271818}
{"value":492,"sensor":"1","timestamp":1437404658.271902}
{"value":494,"sensor":"1","timestamp":1437404659.271883}
{"value":490,"sensor":"1","timestamp":1437404660.271905}
{"value":490,"sensor":"1","timestamp":1437404661.271919}
{"value":492,"sensor":"1","timestamp":1437404662.27195}
{"value":486,"sensor":"1","timestamp":1437404663.271944}
{"value":495,"sensor":"1","timestamp":1437404664.272013}
{"value":491,"sensor":"1","timestamp":1437404665.272024}
{"value":490,"sensor":"1","timestamp":1437404666.271995}
{"value":495,"sensor":"1","timestamp":1437404667.272067}
{"value":500,"sensor":"1","timestamp":1437404668.27211}
{"value":492,"sensor":"1","timestamp":1437404669.272138}
{"value":502,"sensor":"1","timestamp":1437404670.272135}
{"value":472,"sensor":"1","timestamp":1437404671.272183}
{"value":479,"sensor":"1","timestamp":1437404672.272163}
{"value":498,"sensor":"1","timestamp":1437404673.272182}
{"value":510,"sensor":"1","timestamp":1437404674.27222}
{"value":487,"sensor":"1","timestamp":1437404675.272209}
{"value":485,"sensor":"1",