{"timestamp" : 1422907291.450683, "sensor" : 0, "value" : 511}
{"timestamp" : 1422907292.450653, "sensor" : 0, "value" : 506}
{"timestamp" : 1422907293.450641, "sensor" : 0, "value" : 510}
{"timestamp" : 1422907294.450635, "sensor" : 0, "value" : 506}
{"timestamp" : 1422907295.450579, "sensor" : 0, "value" : 506}
{"timestamp" : 1422907296.450458, "sensor" : 0, "value" : 509}
{"timestamp" : 1422907297.450495, "sensor" : 0, "value" : 505}
{"timestamp" : 1422907298.450463, "sensor" : 0, "value" : 515}
{"timestamp" : 1422907299.450431, "sensor" : 0, "value" : 505}
{"timestamp" : 1422907300.450395, "sensor" : 0, "value" : 507}
{"timestamp" : 1422907301.498365, "sensor" : 0, "value" : 509}
{"timestamp" : 1422907302.498260, "sensor" : 0, "value" : 507}
{"timestamp" : 1422907303.498302, "sensor" : 0, "value" : 509}
{"timestamp" : 1422907304.498163, "sensor" : 0, "value" : 507}
{"timestamp" : 1422907305.498285, "sensor" : 0, "value" : 510}
{"timestamp" : 1422907306.498261, "sensor" : 0, "value" : 507}
{"timestamp" : 1422907307.498229, "sensor" : 0, "value" : 507}
{"timestamp" : 1422907308.498144, "sensor" : 0, "value" : 512}
{"timestamp" : 1422907309.498166, "sensor" : 0, "value" : 505}
{"timestamp" : 1422907310.498081, "sensor" : 0, "value" : 507}
{"timestamp" : 1422907311.498050, "sensor" : 0, "value" : 509}
{"timestamp" : 1422907312.498021, "sensor" : 0, "value" : 508}
{"timestamp" : 1422907313.498015, "sensor" : 0, "value" : 506}
{"timestamp" : 1422907314.497957, "sensor" : 0, "value" : 508}
{"timestamp" : 1422907315.497922, "sensor" : 0, "value" : 505}
{"timestamp" : 1422907316.497892, "sensor" : 0, "value" : 514}
{"timestamp" : 1422907317.497858, "sensor" : 0, "value" : 505}
{"timestamp" : 1422907318.497828, "sensor" : 0, "value" : 508}
{"timestamp" : 1422907319.497796, "sensor" : 0, "value" : 506}
{"timestamp" : 1422907320.497764, "sensor" : 0, "value" : 512}
{"timestamp" : 1422907321.497737, "sensor" : 0, "value" : 505}
{"timestamp" : 1422907322.497704, "sensor" : 0, "value" : 512}
{"timestamp" : 1422907323.497693, "sensor" : 0, "value" : 505}
{"timestamp" : 1422907324.497638, "sensor" : 0, "value" : 508}
{"timestamp" : 1422907325.497608, "sensor" : 0, "value" : 509}
{"timestamp" : 1422907326.497573, "sensor" : 0, "value" : 512}
{"timestamp" : 1422907327.497544, "sensor" : 0, "value" : 503}
{"timestamp" : 1422907328.497513, "sensor" : 0, "value" : 512}
{"timestamp" : 1422907329.497476, "sensor" : 0, "value" : 506}
{"timestamp" : 1422907330.497383, "sensor" : 0, "value" : 506}
{"timestamp" : 1422907331.497345, "sensor" : 0, "value" : 510}
{"timestamp" : 1422907332.497319, "sensor" : 0, "value" : 505}
{"timestamp" : 1422907333.497284, "sensor" : 0, "value" : 511}
{"timestamp" : 1422907334.505319, "sensor" : 0, "value" : 507}
{"timestamp" : 1422907335.505292, "sensor" : 0, "value" : 507}
{"timestamp" : 1422907336.505256, "sensor" : 0, "value" : 507}
{"timestamp" : 1422907337.505225, "sensor" : 0, "value" : 512}
{"timestamp" : 1422907338.505224, "sensor" : 0, "value" : 509}
{"timestamp" : 1422907339.505215, "sensor" : 0, "value" : 500}
{"timestamp" : 1422907340.505128, "sensor" : 0, "value" : 514}
{"timestamp" : 1422907341.505111, "sensor" : 0, "value" : 506}
{"timestamp" : 1422907342.505087, "sensor" : 0, "value" : 510}
{"timestamp" : 1422907343.505066, "sensor" : 0, "value" : 505}
{"timestamp" : 1422907344.505014, "sensor" : 0, "value" : 508}
{"timestamp" : 1422907345.504971, "sensor" : 0, "value" : 507}
{"timestamp" : 1422907346.504940, "sensor" : 0, "value" : 507}
{"timestamp" : 1422907347.504987, "sensor" : 0, "value" : 509}
{"timestamp" : 1422907348.504877, "sensor" : 0, "value" : 509}
{"timestamp" : 1422907349.504887, "sensor" : 0, "value" : 510}
{"timestamp" : 1422907350.504789, "sensor" : 0, "value" : 507}
{"timestamp" : 1422907351.504785, "sensor" : 0, "value" : 505}
{"timestamp" : 1422907352.504748, "sensor" : 0, "value" : 510}
{"timestamp" : 1422907353.504716, "sensor" : 0, "value" : 507}
{"timestamp" : 1422907354.504686, "sensor" : 0, "value" : 508}
{"timestamp" : 1422907355.504653, "sensor" : 0, "value" : 509}
{"timestamp" : 1422907356.504621, "sensor" : 0, "value" : 504}
{"timestamp" : 1422907357.504591, "sensor" : 0, "value" : 512}
{"timestamp" : 1422907358.504559, "sensor" : 0, "value" : 511}
{"timestamp" : 1422907359.504529, "sensor" : 0, "value" : 507}
{"timestamp" : 1422907360.504428, "sensor" : 0, "value" : 505}
{"timestamp" : 1422907361.504396, "sensor" : 0, "value" : 509}
{"timestamp" : 1422907362.504393, "sensor" : 0, "value" : 506}
{"timestamp" : 1422907363.504430, "sensor" : 0, "value" : 515}
{"timestamp" : 1422907364.504369, "sensor" : 0, "value" : 506}
{"timestamp" : 1422907365.504347, "sensor" : 0, "value" : 507}
{"timestamp" : 1422907366.504305, "sensor" : 0, "value" : 508}
{"timestamp" : 1422907367.504276, "sensor" : 0, "value" : 508}
{"timestamp" : 1422907368.536184, "sensor" : 0, "value" : 505}
{"timestamp" : 1422907369.536207, "sensor" : 0, "value" : 512}
{"timestamp" : 1422907370.536179, "sensor" : 0, "value" : 504}
{"timestamp" : 1422907371.536150, "sensor" : 0, "value" : 513}
{"timestamp" : 1422907372.536115, "sensor" : 0, "value" : 507}
{"timestamp" : 1422907373.536083, "sensor" : 0, "value" : 509}
{"timestamp" : 1422907374.536049, "sensor" : 0, "value" : 508}
{"timestamp" : 1422907375.536019, "sensor" : 0, "value" : 506}
{"timestamp" : 1422907376.535992, "sensor" : 0, "value" : 510}
{"timestamp" : 1422907377.535939, "sensor" : 0, "value" : 505}
{"timestamp" : 1422907378.535868, "sensor" : 0, "value" : 506}
{"timestamp" : 1422907379.535934, "sensor" : 0, "value" : 511}
{"timestamp" : 1422907380.535868, "sensor" : 0, "value" : 509}
{"timestamp" : 1422907381.535846, "sensor" : 0, "value" : 507}
{"timestamp" : 1422907382.535748, "sensor" : 0, "value" : 509}
{"timestamp" : 1422907383.535839, "sensor" : 0, "value" : 506}
{"timestamp" : 1422907384.535766, "sensor" : 0, "value" : 511}
{"timestamp" : 1422907385.535702, "sensor" : 0, "value" : 504}
{"timestamp" : 1422907386.535745, "sensor" : 0, "value" : 510}
{"timestamp" : 1422907387.535638, "sensor" : 0, "value" : 508}
{"timestamp" : 1422907388.535605, "sensor" : 0, "value" : 512}
{"timestamp" : 1422907389.535608, "sensor" : 0, "value" : 503}
{"timestamp" : 1422907390.535544, "sensor" : 0, "value" : 509}
{"timestamp" : 1422907391.535512, "sensor" : 0, "value" : 506}
{"timestamp" : 1422907392.535481, "sensor" : 0, "value" : 508}
{"timestamp" : 1422907393.535469, "sensor" : 0, "value" : 509}
{"timestamp" : 1422907394.535417, "sensor" : 0, "value" : 510}
{"timestamp" : 1422907395.535415, "sensor" : 0, "value" : 508}
{"timestamp" : 1422907396.535303, "sensor" : 0, "value" : 505}
{"timestamp" : 1422907397.535323, "sensor" : 0, "value" : 512}
{"timestamp" : 1422907398.535296, "sensor" : 0, "value" : 507}
{"timestamp" : 1422907399.551261, "sensor" : 0, "value" : 506}
{"timestamp" : 1422907400.551226, "sensor" : 0, "value" : 507}
{"timestamp" : 1422907401.551224, "sensor" : 0, "value" : 513}
{"timestamp" : 1422907402.551163, "sensor" : 0, "value" : 505}
{"timestamp" : 1422907403.551159, "sensor" : 0, "value" : 510}
{"timestamp" : 1422907404.551099, "sensor" : 0, "value" : 505}
{"timestamp" : 1422907405.551144, "sensor" : 0, "value" : 511}
{"timestamp" : 1422907406.551036, "sensor" : 0, "value" : 505}
{"timestamp" : 1422907407.551017, "sensor" : 0, "value" : 510}
{"timestamp" : 1422907408.550989, "sensor" : 0, "value" : 508}
{"timestamp" : 1422907409.551023, "sensor" : 0, "value" : 507}
{"timestamp" : 1422907410.550936, "sensor" : 0, "value" : 508}
{"timestamp" : 1422907411.550875, "sensor" : 0, "value" : 505}
{"timestamp" : 1422907412.550792, "sensor" : 0, "value" : 510}
{"timestamp" : 1422907413.550832, "sensor" : 0, "value" : 510}
{"timestamp" : 1422907414.550701, "sensor" : 0, "value" : 505}
{"timestamp" : 1422907415.550814, "sensor" : 0, "value" : 510}
{"timestamp" : 1422907416.550799, "sensor" : 0, "value" : 509}
{"timestamp" : 1422907417.550762, "sensor" : 0,