{"timestamp" : 1422906996.292036, "sensor" : 0, "value" : 524}
{"timestamp" : 1422906997.292085, "sensor" : 0, "value" : 539}
{"timestamp" : 1422906998.292003, "sensor" : 0, "value" : 373}
{"timestamp" : 1422906999.291941, "sensor" : 0, "value" : 703}
{"timestamp" : 1422907000.291910, "sensor" : 0, "value" : 399}
{"timestamp" : 1422907001.291879, "sensor" : 0, "value" : 512}
{"timestamp" : 1422907002.291846, "sensor" : 0, "value" : 508}
{"timestamp" : 1422907003.291893, "sensor" : 0, "value" : 542}
{"timestamp" : 1422907004.291844, "sensor" : 0, "value" : 482}
{"timestamp" : 1422907005.291826, "sensor" : 0, "value" : 494}
{"timestamp" : 1422907006.291683, "sensor" : 0, "value" : 484}
{"timestamp" : 1422907007.291743, "sensor" : 0, "value" : 560}
{"timestamp" : 1422907008.291657, "sensor" : 0, "value" : 601}
{"timestamp" : 1422907009.291626, "sensor" : 0, "value" : 432}
{"timestamp" : 1422907010.291597, "sensor" : 0, "value" : 608}
{"timestamp" : 1422907011.315563, "sensor" : 0, "value" : 320}
{"timestamp" : 1422907012.315474, "sensor" : 0, "value" : 549}
{"timestamp" : 1422907013.315483, "sensor" : 0, "value" : 548}
{"timestamp" : 1422907014.315464, "sensor" : 0, "value" : 478}
{"timestamp" : 1422907015.315434, "sensor" : 0, "value" : 527}
{"timestamp" : 1422907016.315477, "sensor" : 0, "value" : 503}
{"timestamp" : 1422907017.315301, "sensor" : 0, "value" : 525}
{"timestamp" : 1422907018.315400, "sensor" : 0, "value" : 462}
{"timestamp" : 1422907019.315335, "sensor" : 0, "value" : 559}
{"timestamp" : 1422907020.315274, "sensor" : 0, "value" : 473}
{"timestamp" : 1422907021.315242, "sensor" : 0, "value" : 521}
{"timestamp" : 1422907022.315212, "sensor" : 0, "value" : 490}
{"timestamp" : 1422907023.315181, "sensor" : 0, "value" : 514}
{"timestamp" : 1422907024.315152, "sensor" : 0, "value" : 530}
{"timestamp" : 1422907025.315116, "sensor" : 0, "value" : 474}
{"timestamp" : 1422907026.315032, "sensor" : 0, "value" : 508}
{"timestamp" : 1422907027.315042, "sensor" : 0, "value" : 515}
{"timestamp" : 1422907028.315056, "sensor" : 0, "value" : 537}
{"timestamp" : 1422907029.315046, "sensor" : 0, "value" : 472}
{"timestamp" : 1422907030.314958, "sensor" : 0, "value" : 571}
{"timestamp" : 1422907031.314928, "sensor" : 0, "value" : 450}
{"timestamp" : 1422907032.314896, "sensor" : 0, "value" : 458}
{"timestamp" : 1422907033.314864, "sensor" : 0, "value" : 625}
{"timestamp" : 1422907034.314789, "sensor" : 0, "value" : 381}
{"timestamp" : 1422907035.314808, "sensor" : 0, "value" : 593}
{"timestamp" : 1422907036.314741, "sensor" : 0, "value" : 453}
{"timestamp" : 1422907037.314735, "sensor" : 0, "value" : 533}
{"timestamp" : 1422907038.314725, "sensor" : 0, "value" : 535}
{"timestamp" : 1422907039.314672, "sensor" : 0, "value" : 511}
{"timestamp" : 1422907040.314631, "sensor" : 0, "value" : 504}
{"timestamp" : 1422907041.314590, "sensor" : 0, "value" : 516}
{"timestamp" : 1422907042.338583, "sensor" : 0, "value" : 456}
{"timestamp" : 1422907043.338545, "sensor" : 0, "value" : 544}
{"timestamp" : 1422907044.338544, "sensor" : 0, "value" : 527}
{"timestamp" : 1422907045.338506, "sensor" : 0, "value" : 515}
{"timestamp" : 1422907046.338450, "sensor" : 0, "value" : 497}
{"timestamp" : 1422907047.338419, "sensor" : 0, "value" : 493}
{"timestamp" : 1422907048.338388, "sensor" : 0, "value" : 512}
{"timestamp" : 1422907049.338354, "sensor" : 0, "value" : 515}
{"timestamp" : 1422907050.338287, "sensor" : 0, "value" : 498}
{"timestamp" : 1422907051.338293, "sensor" : 0, "value" : 501}
{"timestamp" : 1422907052.338261, "sensor" : 0, "value" : 509}
{"timestamp" : 1422907053.338229, "sensor" : 0, "value" : 511}
{"timestamp" : 1422907054.338196, "sensor" : 0, "value" : 512}
{"timestamp" : 1422907055.338167, "sensor" : 0, "value" : 512}
{"timestamp" : 1422907056.338154, "sensor" : 0, "value" : 504}
{"timestamp" : 1422907057.338114, "sensor" : 0, "value" : 507}
{"timestamp" : 1422907058.338042, "sensor" : 0, "value" : 510}
{"timestamp" : 1422907059.338060, "sensor" : 0, "value" : 489}
{"timestamp" : 1422907060.338013, "sensor" : 0, "value" : 524}
{"timestamp" : 1422907061.337976, "sensor" : 0, "value" : 526}
{"timestamp" : 1422907062.337945, "sensor" : 0, "value" : 473}
{"timestamp" : 1422907063.337921, "sensor" : 0, "value" : 522}
{"timestamp" : 1422907064.337881, "sensor" : 0, "value" : 513}
{"timestamp" : 1422907065.337850, "sensor" : 0, "value" : 510}
{"timestamp" : 1422907066.337819, "sensor" : 0, "value" : 507}
{"timestamp" : 1422907067.337786, "sensor" : 0, "value" : 510}
{"timestamp" : 1422907068.337753, "sensor" : 0, "value" : 507}
{"timestamp" : 1422907069.337736, "sensor" : 0, "value" : 504}
{"timestamp" : 1422907070.337622, "sensor" : 0, "value" : 511}
{"timestamp" : 1422907071.337637, "sensor" : 0, "value" : 509}
{"timestamp" : 1422907072.337625, "sensor" : 0, "value" : 510}
{"timestamp" : 1422907073.337594, "sensor" : 0, "value" : 508}
{"timestamp" : 1422907074.337562, "sensor" : 0, "value" : 509}
{"timestamp" : 1422907075.337532, "sensor" : 0, "value" : 505}
{"timestamp" : 1422907076.361500, "sensor" : 0, "value" : 509}
{"timestamp" : 1422907077.361470, "sensor" : 0, "value" : 502}
{"timestamp" : 1422907078.361436, "sensor" : 0, "value" : 507}
{"timestamp" : 1422907079.361405, "sensor" : 0, "value" : 512}
{"timestamp" : 1422907080.361373, "sensor" : 0, "value" : 509}
{"timestamp" : 1422907081.361330, "sensor" : 0, "value" : 512}
{"timestamp" : 1422907082.361211, "sensor" : 0, "value" : 508}
{"timestamp" : 1422907083.361292, "sensor" : 0, "value" : 498}
{"timestamp" : 1422907084.361246, "sensor" : 0, "value" : 507}
{"timestamp" : 1422907085.361239, "sensor" : 0, "value" : 522}
{"timestamp" : 1422907086.361202, "sensor" : 0, "value" : 515}
{"timestamp" : 1422907087.361158, "sensor" : 0, "value" : 353}
{"timestamp" : 1422907088.361201, "sensor" : 0, "value" : 786}
{"timestamp" : 1422907089.361110, "sensor" : 0, "value" : 538}
{"timestamp" : 1422907090.361059, "sensor" : 0, "value" : 219}
{"timestamp" : 1422907091.360965, "sensor" : 0, "value" : 574}
{"timestamp" : 1422907092.360938, "sensor" : 0, "value" : 591}
{"timestamp" : 1422907093.360960, "sensor" : 0, "value" : 534}
{"timestamp" : 1422907094.360931, "sensor" : 0, "value" : 484}
{"timestamp" : 1422907095.360877, "sensor" : 0, "value" : 525}
{"timestamp" : 1422907096.360873, "sensor" : 0, "value" : 550}
{"timestamp" : 1422907097.360835, "sensor" : 0, "value" : 403}
{"timestamp" : 1422907098.360801, "sensor" : 0, "value" : 511}
{"timestamp" : 1422907099.360770, "sensor" : 0, "value" : 553}
{"timestamp" : 1422907100.360740, "sensor" : 0, "value" : 483}
{"timestamp" : 1422907101.360705, "sensor" : 0, "value" : 495}
{"timestamp" : 1422907102.360677, "sensor" : 0, "value" : 560}
{"timestamp" : 1422907103.360672, "sensor" : 0, "value" : 468}
{"timestamp" : 1422907104.360613, "sensor" : 0, "value" : 497}
{"timestamp" : 1422907105.360580, "sensor" : 0, "value" : 502}
{"timestamp" : 1422907106.360538, "sensor" : 0, "value" : 529}
{"timestamp" : 1422907107.360541, "sensor" : 0, "value" : 507}
{"timestamp" : 1422907108.360505, "sensor" : 0, "value" : 502}
{"timestamp" : 1422907109.384487, "sensor" : 0, "value" : 507}
{"timestamp" : 1422907110.384324, "sensor" : 0, "value" : 363}
{"timestamp" : 1422907111.384390, "sensor" : 0, "value" : 753}
{"timestamp" : 1422907112.384370, "sensor" : 0, "value" : 331}
{"timestamp" : 1422907113.384327, "sensor" : 0, "value" : 742}
{"timestamp" : 1422907114.384295, "sensor" : 0, "value" : 323}
{"timestamp" : 1422907115.384264, "sensor" : 0, "value" : 472}
{"timestamp" : 1422907116.384234, "sensor" : 0, "value" : 532}
{"timestamp" : 1422907117.384199, "sensor" : 0, "value" : 593}
{"timestamp" : 1422907118.384247, "sensor" : 0, "value" : 503}
{"timestamp" : 1422907119.384183, "sensor" : 0, "value" : 310}
{"timestamp" : 1422907120.384101, "sensor" : 0, "value" : 768}
{"timestamp" : 1422907121.384072, "sensor" : 0, "value" : 365}
{"timestamp" : 1422907122.384043, "sensor" : 0,