{"value":8,"sensor":"2","timestamp":1437404976.83168}
{"value":4,"sensor":"2","timestamp":1437404977.831796}
{"value":9,"sensor":"2","timestamp":1437404978.831773}
{"value":9,"sensor":"2","timestamp":1437404979.83176}
{"value":6,"sensor":"2","timestamp":1437404980.831774}
{"value":8,"sensor":"2","timestamp":1437404981.831806}
{"value":8,"sensor":"2","timestamp":1437404982.831823}
{"value":9,"sensor":"2","timestamp":1437404983.831847}
{"value":7,"sensor":"2","timestamp":1437404984.831926}
{"value":12,"sensor":"2","timestamp":1437404985.831986}
{"value":5,"sensor":"2","timestamp":1437404986.863964}
{"value":11,"sensor":"2","timestamp":1437404987.863962}
{"value":9,"sensor":"2","timestamp":1437404988.86398}
{"value":7,"sensor":"2","timestamp":1437404989.864033}
{"value":12,"sensor":"2","timestamp":1437404990.864005}
{"value":14,"sensor":"2","timestamp":1437404991.864079}
{"value":8,"sensor":"2","timestamp":1437404992.864194}
{"value":6,"sensor":"2","timestamp":1437404993.864089}
{"value":17,"sensor":"2","timestamp":1437404994.864168}
{"value":15,"sensor":"2","timestamp":1437404995.86419}
{"value":11,"sensor":"2","timestamp":1437404996.864198}
{"value":11,"sensor":"2","timestamp":1437404997.864147}
{"value":8,"sensor":"2","timestamp":1437404998.864194}
{"value":6,"sensor":"2","timestamp":1437404999.864245}
{"value":9,"sensor":"2","timestamp":1437405000.864305}
{"value":7,"sensor":"2","timestamp":1437405001.864344}
{"value":9,"sensor":"2","timestamp":1437405002.864394}
{"value":14,"sensor":"2","timestamp":1437405003.864374}
{"value":10,"sensor":"2","timestamp":1437405004.864365}
{"value":5,"sensor":"2","timestamp":1437405005.864395}
{"value":7,"sensor":"2","timestamp":1437405006.864459}
{"value":6,"sensor":"2","timestamp":1437405007.864439}
{"value":11,"sensor":"2","timestamp":1437405008.864507}
{"value":9,"sensor":"2","timestamp":1437405009.864515}
{"value":5,"sensor":"2","timestamp":1437405010.864538}
{"value":12,"sensor":"2","timestamp":1437405011.864603}
{"value":8,"sensor":"2","timestamp":1437405012.864607}
{"value":6,"sensor":"2","timestamp":1437405013.864697}
{"value":14,"sensor":"2","timestamp":1437405014.864627}
{"value":7,"sensor":"2","timestamp":1437405015.864757}
{"value":14,"sensor":"2","timestamp":1437405016.864695}
{"value":9,"sensor":"2","timestamp":1437405017.864716}
{"value":6,"sensor":"2","timestamp":1437405018.864828}
{"value":7,"sensor":"2","timestamp":1437405019.864815}
{"value":5,"sensor":"2","timestamp":1437405020.864777}
{"value":6,"sensor":"2","timestamp":1437405021.864829}
{"value":11,"sensor":"2","timestamp":1437405022.864894}
{"value":8,"sensor":"2","timestamp":1437405023.864899}
{"value":8,"sensor":"2","timestamp":1437405024.864852}
{"value":6,"sensor":"2","timestamp":1437405025.864905}
{"value":9,"sensor":"2","timestamp":1437405026.864883}
{"value":8,"sensor":"2","timestamp":1437405027.864953}
{"value":6,"sensor":"2","timestamp":1437405028.86498}
{"value":12,"sensor":"2","timestamp":1437405029.865082}
{"value":10,"sensor":"2","timestamp":1437405030.865054}
{"value":8,"sensor":"2","timestamp":1437405031.865088}
{"value":6,"sensor":"2","timestamp":1437405032.864999}
{"value":6,"sensor":"2","timestamp":1437405033.865103}
{"value":8,"sensor":"2","timestamp":1437405034.865192}
{"value":10,"sensor":"2","timestamp":1437405035.865262}
{"value":7,"sensor":"2","timestamp":1437405036.865216}
{"value":5,"sensor":"2","timestamp":1437405037.865204}
{"value":16,"sensor":"2","timestamp":1437405038.865236}
{"value":10,"sensor":"2","timestamp":1437405039.865291}
{"value":5,"sensor":"2","timestamp":1437405040.865302}
{"value":8,"sensor":"2","timestamp":1437405041.865251}
{"value":10,"sensor":"2","timestamp":1437405042.865332}
{"value":6,"sensor":"2","timestamp":1437405043.865343}
{"value":5,"sensor":"2","timestamp":1437405044.865309}
{"value":5,"sensor":"2","timestamp":1437405045.86547}
{"value":5,"sensor":"2","timestamp":1437405046.865412}
{"value":5,"sensor":"2","timestamp":1437405047.865439}
{"value":5,"sensor":"2","timestamp":1437405048.865489}
{"value":7,"sensor":"2","timestamp":1437405049.865526}
{"value":7,"sensor":"2","timestamp":1437405050.865565}
{"value":6,"sensor":"2","timestamp":1437405051.865519}
{"value":5,"sensor":"2","timestamp":1437405052.86555}
{"value":5,"sensor":"2","timestamp":1437405053.865605}
{"value":5,"sensor":"2","timestamp":1437405054.865597}
{"value":5,"sensor":"2","timestamp":1437405055.865703}
{"value":5,"sensor":"2","timestamp":1437405056.865747}
{"value":6,"sensor":"2","timestamp":1437405057.865787}
{"value":5,"sensor":"2","timestamp":1437405058.865736}
{"value":6,"sensor":"2","timestamp":1437405059.865771}
{"value":6,"sensor":"2","timestamp":1437405060.865821}
{"value":7,"sensor":"2","timestamp":1437405061.86584}
{"value":5,"sensor":"2","timestamp":1437405062.865837}
{"value":7,"sensor":"2","timestamp":1437405063.905841}
{"value":7,"sensor":"2","timestamp":1437405064.905841}
{"value":7,"sensor":"2","timestamp":1437405065.905858}
{"value":12,"sensor":"2","timestamp":1437405066.905923}
{"value":7,"sensor":"2","timestamp":1437405067.905948}
{"value":5,"sensor":"2","timestamp":1437405068.905986}
{"value":11,"sensor":"2","timestamp":1437405069.906071}
{"value":13,"sensor":"2","timestamp":1437405070.90605}
{"value":9,"sensor":"2","timestamp":1437405071.906045}
{"value":5,"sensor":"2","timestamp":1437405072.906069}
{"value":7,"sensor":"2","timestamp":1437405073.906099}
{"value":11,"sensor":"2","timestamp":1437405074.906122}
{"value":9,"sensor":"2","timestamp":1437405075.90613}
{"value":5,"sensor":"2","timestamp":1437405076.906193}
{"value":5,"sensor":"2","timestamp":1437405077.906189}
{"value":9,"sensor":"2","timestamp":1437405078.906227}
{"value":9,"sensor":"2","timestamp":1437405079.906216}
{"value":7,"sensor":"2","timestamp":1437405080.906208}
{"value":7,"sensor":"2","timestamp":1437405081.906297}
{"value":6,"sensor":"2","timestamp":1437405082.906297}
{"value":5,"sensor":"2","timestamp":1437405083.906304}
{"value":4,"sensor":"2","timestamp":1437405084.906405}
{"value":7,"sensor":"2","timestamp":1437405085.90641}
{"value":12,"sensor":"2","timestamp":1437405086.906419}
{"value":5,"sensor":"2","timestamp":1437405087.906426}
{"value":7,"sensor":"2","timestamp":1437405088.906466}
{"value":9,"sensor":"2","timestamp":1437405089.906516}
{"value":9,"sensor":"2","timestamp":1437405090.906547}
{"value":6,"sensor":"2","timestamp":1437405091.906548}
{"value":5,"sensor":"2","timestamp":1437405092.906569}
{"value":6,"sensor":"2","timestamp":1437405093.906636}
{"value":6,"sensor":"2","timestamp":1437405094.906739}
{"value":7,"sensor":"2","timestamp":1437405095.906602}
{"value":14,"sensor":"2","timestamp":1437405096.906745}
{"value":5,"sensor":"2","timestamp":1437405097.906711}
{"value":6,"sensor":"2","timestamp":1437405098.906797}
{"value":5,"sensor":"2","timestamp":1437405099.906701}
{"value":6,"sensor":"2","timestamp":1437405100.906758}
{"value":14,"sensor":"2","timestamp":1437405101.90682}
{"value":8,"sensor":"2","timestamp":1437405102.906818}
{"value":7,"sensor":"2","timestamp":1437405103.906822}
{"value":7,"sensor":"2","timestamp":1437405104.906829}
{"value":8,"sensor":"2","timestamp":1437405105.906887}
{"value":10,"sensor":"2","timestamp":1437405106.906891}
{"value":9,"sensor":"2","timestamp":1437405107.906928}
{"value":7,"sensor":"2","timestamp":1437405108.906974}
{"value":12,"sensor":"2","timestamp":1437405109.906955}
{"value":14,"sensor":"2","timestamp":1437405110.907048}
{"value":8,"sensor":"2","timestamp":1437405111.907082}
{"value":6,"sensor":"2","timestamp":1437405112.907026}
{"value":7,"sensor":"2","timestamp":1437405113.907166}
{"value":6,"sensor":"2","timestamp":1437405114.907071}
{"value":9,"sensor":"2","timestamp":1437405115.907155}
{"value":12,"sensor":"2","timestamp":1437405116.907143}
{"value":24,"sensor":"2","timestamp":1437405117.907164}
{"value":11,"sensor":"2","timestamp":1437405118.907197}
{"value":7,"sensor":"2","timestamp":1437405119.907274}
{"value":5,"sensor":"2",