{"value":7,"sensor":"2","timestamp":1437405376.169502}
{"value":12,"sensor":"2","timestamp":1437405377.169475}
{"value":10,"sensor":"2","timestamp":1437405378.169517}
{"value":7,"sensor":"2","timestamp":1437405379.169642}
{"value":11,"sensor":"2","timestamp":1437405380.169594}
{"value":12,"sensor":"2","timestamp":1437405381.193691}
{"value":13,"sensor":"2","timestamp":1437405382.19365}
{"value":13,"sensor":"2","timestamp":1437405383.193657}
{"value":9,"sensor":"2","timestamp":1437405384.193814}
{"value":13,"sensor":"2","timestamp":1437405385.193764}
{"value":17,"sensor":"2","timestamp":1437405386.193747}
{"value":18,"sensor":"2","timestamp":1437405387.19382}
{"value":20,"sensor":"2","timestamp":1437405388.193885}
{"value":21,"sensor":"2","timestamp":1437405389.193829}
{"value":15,"sensor":"2","timestamp":1437405390.193853}
{"value":20,"sensor":"2","timestamp":1437405391.193907}
{"value":25,"sensor":"2","timestamp":1437405392.19388}
{"value":24,"sensor":"2","timestamp":1437405393.19393}
{"value":36,"sensor":"2","timestamp":1437405394.194054}
{"value":41,"sensor":"2","timestamp":1437405395.194071}
{"value":44,"sensor":"2","timestamp":1437405396.194006}
{"value":43,"sensor":"2","timestamp":1437405397.194107}
{"value":43,"sensor":"2","timestamp":1437405398.194075}
{"value":45,"sensor":"2","timestamp":1437405399.194115}
{"value":38,"sensor":"2","timestamp":1437405400.19409}
{"value":50,"sensor":"2","timestamp":1437405401.194117}
{"value":48,"sensor":"2","timestamp":1437405402.194243}
{"value":35,"sensor":"2","timestamp":1437405403.194166}
{"value":34,"sensor":"2","timestamp":1437405404.194198}
{"value":39,"sensor":"2","timestamp":1437405405.194219}
{"value":42,"sensor":"2","timestamp":1437405406.194308}
{"value":44,"sensor":"2","timestamp":1437405407.194271}
{"value":42,"sensor":"2","timestamp":1437405408.194399}
{"value":41,"sensor":"2","timestamp":1437405409.194314}
{"value":42,"sensor":"2","timestamp":1437405410.19441}
{"value":43,"sensor":"2","timestamp":1437405411.19437}
{"value":40,"sensor":"2","timestamp":1437405412.226404}
{"value":36,"sensor":"2","timestamp":1437405413.22645}
{"value":34,"sensor":"2","timestamp":1437405414.22646}
{"value":33,"sensor":"2","timestamp":1437405415.226553}
{"value":33,"sensor":"2","timestamp":1437405416.226502}
{"value":35,"sensor":"2","timestamp":1437405417.226548}
{"value":39,"sensor":"2","timestamp":1437405418.226596}
{"value":41,"sensor":"2","timestamp":1437405419.226587}
{"value":43,"sensor":"2","timestamp":1437405420.226566}
{"value":46,"sensor":"2","timestamp":1437405421.226635}
{"value":43,"sensor":"2","timestamp":1437405422.226676}
{"value":43,"sensor":"2","timestamp":1437405423.22678}
{"value":42,"sensor":"2","timestamp":1437405424.226906}
{"value":39,"sensor":"2","timestamp":1437405425.226735}
{"value":35,"sensor":"2","timestamp":1437405426.226771}
{"value":33,"sensor":"2","timestamp":1437405427.226824}
{"value":34,"sensor":"2","timestamp":1437405428.226867}
{"value":34,"sensor":"2","timestamp":1437405429.226851}
{"value":38,"sensor":"2","timestamp":1437405430.226856}
{"value":43,"sensor":"2","timestamp":1437405431.226877}
{"value":45,"sensor":"2","timestamp":1437405432.226837}
{"value":43,"sensor":"2","timestamp":1437405433.226942}
{"value":43,"sensor":"2","timestamp":1437405434.226962}
{"value":42,"sensor":"2","timestamp":1437405435.22696}
{"value":44,"sensor":"2","timestamp":1437405436.226959}
{"value":43,"sensor":"2","timestamp":1437405437.227009}
{"value":37,"sensor":"2","timestamp":1437405438.227045}
{"value":33,"sensor":"2","timestamp":1437405439.227159}
{"value":31,"sensor":"2","timestamp":1437405440.227067}
{"value":34,"sensor":"2","timestamp":1437405441.227083}
{"value":36,"sensor":"2","timestamp":1437405442.227062}
{"value":40,"sensor":"2","timestamp":1437405443.251164}
{"value":42,"sensor":"2","timestamp":1437405444.251168}
{"value":42,"sensor":"2","timestamp":1437405445.251243}
{"value":39,"sensor":"2","timestamp":1437405446.251245}
{"value":39,"sensor":"2","timestamp":1437405447.251275}
{"value":40,"sensor":"2","timestamp":1437405448.251311}
{"value":40,"sensor":"2","timestamp":1437405449.251318}
{"value":39,"sensor":"2","timestamp":1437405450.251318}
{"value":34,"sensor":"2","timestamp":1437405451.251349}
{"value":34,"sensor":"2","timestamp":1437405452.251388}
{"value":32,"sensor":"2","timestamp":1437405453.251456}
{"value":32,"sensor":"2","timestamp":1437405454.251391}
{"value":36,"sensor":"2","timestamp":1437405455.251442}
{"value":40,"sensor":"2","timestamp":1437405456.251613}
{"value":44,"sensor":"2","timestamp":1437405457.251516}
{"value":42,"sensor":"2","timestamp":1437405458.251506}
{"value":42,"sensor":"2","timestamp":1437405459.251624}
{"value":41,"sensor":"2","timestamp":1437405460.251716}
{"value":47,"sensor":"2","timestamp":1437405461.251618}
{"value":20,"sensor":"2","timestamp":1437405462.251614}
{"value":14,"sensor":"2","timestamp":1437405463.251681}
{"value":9,"sensor":"2","timestamp":1437405464.251803}
{"value":8,"sensor":"2","timestamp":1437405465.251777}
{"value":12,"sensor":"2","timestamp":1437405466.251759}
{"value":21,"sensor":"2","timestamp":1437405467.251777}
{"value":16,"sensor":"2","timestamp":1437405468.251815}
{"value":11,"sensor":"2","timestamp":1437405469.25181}
{"value":13,"sensor":"2","timestamp":1437405470.251823}
{"value":41,"sensor":"2","timestamp":1437405471.251855}
{"value":31,"sensor":"2","timestamp":1437405472.30788}
{"value":20,"sensor":"2","timestamp":1437405473.307904}
{"value":10,"sensor":"2","timestamp":1437405474.307962}
{"value":9,"sensor":"2","timestamp":1437405475.307955}
{"value":6,"sensor":"2","timestamp":1437405476.307948}
{"value":7,"sensor":"2","timestamp":1437405477.30805}
{"value":8,"sensor":"2","timestamp":1437405478.308069}
{"value":16,"sensor":"2","timestamp":1437405479.308075}
{"value":14,"sensor":"2","timestamp":1437405480.308046}
{"value":9,"sensor":"2","timestamp":1437405481.308163}
{"value":9,"sensor":"2","timestamp":1437405482.30815}
{"value":5,"sensor":"2","timestamp":1437405483.308153}
{"value":8,"sensor":"2","timestamp":1437405484.308152}
{"value":6,"sensor":"2","timestamp":1437405485.308236}
{"value":9,"sensor":"2","timestamp":1437405486.308235}
{"value":10,"sensor":"2","timestamp":1437405487.308254}
{"value":17,"sensor":"2","timestamp":1437405488.308265}
{"value":7,"sensor":"2","timestamp":1437405489.308353}
{"value":8,"sensor":"2","timestamp":1437405490.308353}
{"value":10,"sensor":"2","timestamp":1437405491.308369}
{"value":7,"sensor":"2","timestamp":1437405492.308398}
{"value":16,"sensor":"2","timestamp":1437405493.308393}
{"value":14,"sensor":"2","timestamp":1437405494.308379}
{"value":17,"sensor":"2","timestamp":1437405495.308477}
{"value":14,"sensor":"2","timestamp":1437405496.308482}
{"value":24,"sensor":"2","timestamp":1437405497.308539}
{"value":11,"sensor":"2","timestamp":1437405498.308563}
{"value":21,"sensor":"2","timestamp":1437405499.308464}
{"value":14,"sensor":"2","timestamp":1437405500.308588}
{"value":6,"sensor":"2","timestamp":1437405501.308584}
{"value":9,"sensor":"2","timestamp":1437405502.308603}
{"value":7,"sensor":"2","timestamp":1437405503.348574}
{"value":11,"sensor":"2","timestamp":1437405504.348638}
{"value":7,"sensor":"2","timestamp":1437405505.348729}
{"value":13,"sensor":"2","timestamp":1437405506.348716}
{"value":9,"sensor":"2","timestamp":1437405507.348796}
{"value":14,"sensor":"2","timestamp":1437405508.348899}
{"value":6,"sensor":"2","timestamp":1437405509.348827}
{"value":6,"sensor":"2","timestamp":1437405510.34882}
{"value":9,"sensor":"2","timestamp":1437405511.348842}
{"value":16,"sensor":"2","timestamp":1437405512.348887}
{"value":23,"sensor":"2","timestamp":1437405513.348912}
{"value":14,"sensor":"2","timestamp":1437405514.348915}
{"value":12,"sensor":"2","timestamp":1437405515.348921}
{"value":13,"sensor":"2","timestamp":1437405516.348956}
{"value":14,"sensor":"2","timestamp":1437405517.348943}
{"value":17,"sensor":"2","timestamp":1437405518.348954}
{"value":9,"sensor":"2",