{"value":482,"sensor":"0","timestamp":1437401275.7486}
{"value":478,"sensor":"0","timestamp":1437401276.748581}
{"value":477,"sensor":"0","timestamp":1437401277.74859}
{"value":475,"sensor":"0","timestamp":1437401278.748625}
{"value":472,"sensor":"0","timestamp":1437401279.748656}
{"value":476,"sensor":"0","timestamp":1437401280.748702}
{"value":474,"sensor":"0","timestamp":1437401281.748777}
{"value":477,"sensor":"0","timestamp":1437401282.748762}
{"value":473,"sensor":"0","timestamp":1437401283.748731}
{"value":476,"sensor":"0","timestamp":1437401284.748799}
{"value":466,"sensor":"0","timestamp":1437401285.748808}
{"value":479,"sensor":"0","timestamp":1437401286.748819}
{"value":480,"sensor":"0","timestamp":1437401287.748912}
{"value":473,"sensor":"0","timestamp":1437401288.748872}
{"value":474,"sensor":"0","timestamp":1437401289.748916}
{"value":476,"sensor":"0","timestamp":1437401290.748928}
{"value":473,"sensor":"0","timestamp":1437401291.748982}
{"value":473,"sensor":"0","timestamp":1437401292.748972}
{"value":477,"sensor":"0","timestamp":1437401293.749074}
{"value":473,"sensor":"0","timestamp":1437401294.749037}
{"value":472,"sensor":"0","timestamp":1437401295.749103}
{"value":478,"sensor":"0","timestamp":1437401296.749064}
{"value":472,"sensor":"0","timestamp":1437401297.749111}
{"value":473,"sensor":"0","timestamp":1437401298.749118}
{"value":475,"sensor":"0","timestamp":1437401299.749174}
{"value":479,"sensor":"0","timestamp":1437401300.749187}
{"value":472,"sensor":"0","timestamp":1437401301.749153}
{"value":473,"sensor":"0","timestamp":1437401302.749247}
{"value":473,"sensor":"0","timestamp":1437401303.749277}
{"value":478,"sensor":"0","timestamp":1437401304.749276}
{"value":471,"sensor":"0","timestamp":1437401305.749375}
{"value":474,"sensor":"0","timestamp":1437401306.749334}
{"value":475,"sensor":"0","timestamp":1437401307.74939}
{"value":477,"sensor":"0","timestamp":1437401308.749396}
{"value":478,"sensor":"0","timestamp":1437401309.749468}
{"value":472,"sensor":"0","timestamp":1437401310.749382}
{"value":470,"sensor":"0","timestamp":1437401311.74949}
{"value":477,"sensor":"0","timestamp":1437401312.749493}
{"value":471,"sensor":"0","timestamp":1437401313.749519}
{"value":473,"sensor":"0","timestamp":1437401314.749736}
{"value":477,"sensor":"0","timestamp":1437401315.749506}
{"value":477,"sensor":"0","timestamp":1437401316.74958}
{"value":474,"sensor":"0","timestamp":1437401317.749627}
{"value":473,"sensor":"0","timestamp":1437401318.749702}
{"value":477,"sensor":"0","timestamp":1437401319.74969}
{"value":473,"sensor":"0","timestamp":1437401320.749678}
{"value":473,"sensor":"0","timestamp":1437401321.749766}
{"value":477,"sensor":"0","timestamp":1437401322.749847}
{"value":475,"sensor":"0","timestamp":1437401323.749742}
{"value":474,"sensor":"0","timestamp":1437401324.74977}
{"value":474,"sensor":"0","timestamp":1437401325.749786}
{"value":473,"sensor":"0","timestamp":1437401326.749816}
{"value":478,"sensor":"0","timestamp":1437401327.749885}
{"value":472,"sensor":"0","timestamp":1437401328.749921}
{"value":474,"sensor":"0","timestamp":1437401329.749898}
{"value":475,"sensor":"0","timestamp":1437401330.749929}
{"value":474,"sensor":"0","timestamp":1437401331.749973}
{"value":476,"sensor":"0","timestamp":1437401332.749989}
{"value":474,"sensor":"0","timestamp":1437401333.750018}
{"value":467,"sensor":"0","timestamp":1437401334.750057}
{"value":482,"sensor":"0","timestamp":1437401335.750068}
{"value":473,"sensor":"0","timestamp":1437401336.750046}
{"value":478,"sensor":"0","timestamp":1437401337.750125}
{"value":472,"sensor":"0","timestamp":1437401338.750106}
{"value":475,"sensor":"0","timestamp":1437401339.750157}
{"value":472,"sensor":"0","timestamp":1437401340.750169}
{"value":478,"sensor":"0","timestamp":1437401341.750232}
{"value":472,"sensor":"0","timestamp":1437401342.750215}
{"value":476,"sensor":"0","timestamp":1437401343.774212}
{"value":478,"sensor":"0","timestamp":1437401344.774242}
{"value":472,"sensor":"0","timestamp":1437401345.774251}
{"value":475,"sensor":"0","timestamp":1437401346.774274}
{"value":473,"sensor":"0","timestamp":1437401347.774295}
{"value":474,"sensor":"0","timestamp":1437401348.774357}
{"value":476,"sensor":"0","timestamp":1437401349.774393}
{"value":473,"sensor":"0","timestamp":1437401350.774378}
{"value":474,"sensor":"0","timestamp":1437401351.774398}
{"value":478,"sensor":"0","timestamp":1437401352.774441}
{"value":471,"sensor":"0","timestamp":1437401353.774476}
{"value":477,"sensor":"0","timestamp":1437401354.774479}
{"value":469,"sensor":"0","timestamp":1437401355.774528}
{"value":477,"sensor":"0","timestamp":1437401356.774545}
{"value":475,"sensor":"0","timestamp":1437401357.774634}
{"value":476,"sensor":"0","timestamp":1437401358.774578}
{"value":469,"sensor":"0","timestamp":1437401359.774681}
{"value":477,"sensor":"0","timestamp":1437401360.774653}
{"value":476,"sensor":"0","timestamp":1437401361.774734}
{"value":477,"sensor":"0","timestamp":1437401362.77468}
{"value":470,"sensor":"0","timestamp":1437401363.774734}
{"value":474,"sensor":"0","timestamp":1437401364.77475}
{"value":474,"sensor":"0","timestamp":1437401365.77477}
{"value":480,"sensor":"0","timestamp":1437401366.774792}
{"value":473,"sensor":"0","timestamp":1437401367.774809}
{"value":472,"sensor":"0","timestamp":1437401368.774854}
{"value":475,"sensor":"0","timestamp":1437401369.774894}
{"value":474,"sensor":"0","timestamp":1437401370.774901}
{"value":480,"sensor":"0","timestamp":1437401371.774946}
{"value":469,"sensor":"0","timestamp":1437401372.774905}
{"value":476,"sensor":"0","timestamp":1437401373.774972}
{"value":473,"sensor":"0","timestamp":1437401374.775008}
{"value":475,"sensor":"0","timestamp":1437401375.799057}
{"value":473,"sensor":"0","timestamp":1437401376.799039}
{"value":477,"sensor":"0","timestamp":1437401377.799086}
{"value":471,"sensor":"0","timestamp":1437401378.799085}
{"value":477,"sensor":"0","timestamp":1437401379.799129}
{"value":474,"sensor":"0","timestamp":1437401380.79913}
{"value":477,"sensor":"0","timestamp":1437401381.799179}
{"value":474,"sensor":"0","timestamp":1437401382.799189}
{"value":472,"sensor":"0","timestamp":1437401383.79926}
{"value":478,"sensor":"0","timestamp":1437401384.799235}
{"value":469,"sensor":"0","timestamp":1437401385.799261}
{"value":477,"sensor":"0","timestamp":1437401386.799313}
{"value":473,"sensor":"0","timestamp":1437401387.799343}
{"value":475,"sensor":"0","timestamp":1437401388.799359}
{"value":475,"sensor":"0","timestamp":1437401389.799413}
{"value":474,"sensor":"0","timestamp":1437401390.799376}
{"value":475,"sensor":"0","timestamp":1437401391.799443}
{"value":473,"sensor":"0","timestamp":1437401392.799464}
{"value":477,"sensor":"0","timestamp":1437401393.799494}
{"value":473,"sensor":"0","timestamp":1437401394.799483}
{"value":474,"sensor":"0","timestamp":1437401395.799557}
{"value":474,"sensor":"0","timestamp":1437401396.799536}
{"value":473,"sensor":"0","timestamp":1437401397.799583}
{"value":474,"sensor":"0","timestamp":1437401398.799599}
{"value":477,"sensor":"0","timestamp":1437401399.799609}
{"value":476,"sensor":"0","timestamp":1437401400.799647}
{"value":474,"sensor":"0","timestamp":1437401401.799708}
{"value":474,"sensor":"0","timestamp":1437401402.799677}
{"value":471,"sensor":"0","timestamp":1437401403.799747}
{"value":478,"sensor":"0","timestamp":1437401404.799726}
{"value":474,"sensor":"0","timestamp":1437401405.799756}
{"value":474,"sensor":"0","timestamp":1437401406.799785}
{"value":475,"sensor":"0","timestamp":1437401407.799792}
{"value":473,"sensor":"0","timestamp":1437401408.799825}
{"value":477,"sensor":"0","timestamp":1437401409.799897}
{"value":475,"sensor":"0","timestamp":1437401410.799868}
{"value":473,"sensor":"0","timestamp":1437401411.799886}
{"value":474,"sensor":"0","timestamp":1437401412.799916}
{"value":475,"sensor":"0","timestamp":1437401413.800017}
{"value":473,"sensor":"0","timestamp":1437401414.799963}
{"value":477,"sensor":"0",