{"value":267,"sensor":"0","timestamp":1437404976.831587}
{"value":532,"sensor":"0","timestamp":1437404977.83165}
{"value":459,"sensor":"0","timestamp":1437404978.83169}
{"value":532,"sensor":"0","timestamp":1437404979.831684}
{"value":491,"sensor":"0","timestamp":1437404980.831698}
{"value":446,"sensor":"0","timestamp":1437404981.831735}
{"value":491,"sensor":"0","timestamp":1437404982.831754}
{"value":483,"sensor":"0","timestamp":1437404983.831768}
{"value":392,"sensor":"0","timestamp":1437404984.831811}
{"value":532,"sensor":"0","timestamp":1437404985.831885}
{"value":403,"sensor":"0","timestamp":1437404986.863883}
{"value":585,"sensor":"0","timestamp":1437404987.863853}
{"value":503,"sensor":"0","timestamp":1437404988.863907}
{"value":615,"sensor":"0","timestamp":1437404989.863953}
{"value":173,"sensor":"0","timestamp":1437404990.863933}
{"value":650,"sensor":"0","timestamp":1437404991.863996}
{"value":627,"sensor":"0","timestamp":1437404992.86402}
{"value":220,"sensor":"0","timestamp":1437404993.864008}
{"value":515,"sensor":"0","timestamp":1437404994.864063}
{"value":518,"sensor":"0","timestamp":1437404995.864112}
{"value":389,"sensor":"0","timestamp":1437404996.864129}
{"value":502,"sensor":"0","timestamp":1437404997.86408}
{"value":493,"sensor":"0","timestamp":1437404998.864111}
{"value":489,"sensor":"0","timestamp":1437404999.864147}
{"value":469,"sensor":"0","timestamp":1437405000.864198}
{"value":472,"sensor":"0","timestamp":1437405001.864243}
{"value":479,"sensor":"0","timestamp":1437405002.864307}
{"value":456,"sensor":"0","timestamp":1437405003.864308}
{"value":448,"sensor":"0","timestamp":1437405004.864267}
{"value":526,"sensor":"0","timestamp":1437405005.864308}
{"value":486,"sensor":"0","timestamp":1437405006.864381}
{"value":479,"sensor":"0","timestamp":1437405007.86436}
{"value":454,"sensor":"0","timestamp":1437405008.864407}
{"value":470,"sensor":"0","timestamp":1437405009.864434}
{"value":623,"sensor":"0","timestamp":1437405010.86447}
{"value":242,"sensor":"0","timestamp":1437405011.86451}
{"value":565,"sensor":"0","timestamp":1437405012.864503}
{"value":439,"sensor":"0","timestamp":1437405013.86455}
{"value":499,"sensor":"0","timestamp":1437405014.864508}
{"value":509,"sensor":"0","timestamp":1437405015.864637}
{"value":450,"sensor":"0","timestamp":1437405016.864608}
{"value":474,"sensor":"0","timestamp":1437405017.864623}
{"value":415,"sensor":"0","timestamp":1437405018.864617}
{"value":540,"sensor":"0","timestamp":1437405019.864653}
{"value":508,"sensor":"0","timestamp":1437405020.864699}
{"value":429,"sensor":"0","timestamp":1437405021.864752}
{"value":451,"sensor":"0","timestamp":1437405022.864816}
{"value":457,"sensor":"0","timestamp":1437405023.864821}
{"value":619,"sensor":"0","timestamp":1437405024.864776}
{"value":384,"sensor":"0","timestamp":1437405025.864816}
{"value":454,"sensor":"0","timestamp":1437405026.864804}
{"value":474,"sensor":"0","timestamp":1437405027.864877}
{"value":486,"sensor":"0","timestamp":1437405028.86489}
{"value":477,"sensor":"0","timestamp":1437405029.864953}
{"value":444,"sensor":"0","timestamp":1437405030.864978}
{"value":495,"sensor":"0","timestamp":1437405031.865017}
{"value":472,"sensor":"0","timestamp":1437405032.864943}
{"value":536,"sensor":"0","timestamp":1437405033.865026}
{"value":279,"sensor":"0","timestamp":1437405034.86505}
{"value":694,"sensor":"0","timestamp":1437405035.865189}
{"value":556,"sensor":"0","timestamp":1437405036.865136}
{"value":272,"sensor":"0","timestamp":1437405037.865119}
{"value":464,"sensor":"0","timestamp":1437405038.865164}
{"value":546,"sensor":"0","timestamp":1437405039.865211}
{"value":455,"sensor":"0","timestamp":1437405040.865226}
{"value":495,"sensor":"0","timestamp":1437405041.865185}
{"value":392,"sensor":"0","timestamp":1437405042.865258}
{"value":405,"sensor":"0","timestamp":1437405043.86527}
{"value":769,"sensor":"0","timestamp":1437405044.865246}
{"value":445,"sensor":"0","timestamp":1437405045.865382}
{"value":225,"sensor":"0","timestamp":1437405046.865327}
{"value":568,"sensor":"0","timestamp":1437405047.865372}
{"value":587,"sensor":"0","timestamp":1437405048.865417}
{"value":352,"sensor":"0","timestamp":1437405049.865446}
{"value":487,"sensor":"0","timestamp":1437405050.865487}
{"value":535,"sensor":"0","timestamp":1437405051.865441}
{"value":367,"sensor":"0","timestamp":1437405052.865479}
{"value":563,"sensor":"0","timestamp":1437405053.865495}
{"value":400,"sensor":"0","timestamp":1437405054.865523}
{"value":602,"sensor":"0","timestamp":1437405055.865595}
{"value":466,"sensor":"0","timestamp":1437405056.865631}
{"value":456,"sensor":"0","timestamp":1437405057.8657}
{"value":291,"sensor":"0","timestamp":1437405058.86562}
{"value":755,"sensor":"0","timestamp":1437405059.865691}
{"value":227,"sensor":"0","timestamp":1437405060.865705}
{"value":783,"sensor":"0","timestamp":1437405061.865744}
{"value":295,"sensor":"0","timestamp":1437405062.865759}
{"value":435,"sensor":"0","timestamp":1437405063.905762}
{"value":406,"sensor":"0","timestamp":1437405064.905758}
{"value":702,"sensor":"0","timestamp":1437405065.905784}
{"value":324,"sensor":"0","timestamp":1437405066.905843}
{"value":508,"sensor":"0","timestamp":1437405067.90586}
{"value":472,"sensor":"0","timestamp":1437405068.905857}
{"value":475,"sensor":"0","timestamp":1437405069.905936}
{"value":478,"sensor":"0","timestamp":1437405070.905975}
{"value":459,"sensor":"0","timestamp":1437405071.905919}
{"value":487,"sensor":"0","timestamp":1437405072.905995}
{"value":477,"sensor":"0","timestamp":1437405073.906019}
{"value":480,"sensor":"0","timestamp":1437405074.906044}
{"value":465,"sensor":"0","timestamp":1437405075.906056}
{"value":468,"sensor":"0","timestamp":1437405076.906084}
{"value":478,"sensor":"0","timestamp":1437405077.90612}
{"value":493,"sensor":"0","timestamp":1437405078.906145}
{"value":514,"sensor":"0","timestamp":1437405079.90615}
{"value":282,"sensor":"0","timestamp":1437405080.906144}
{"value":711,"sensor":"0","timestamp":1437405081.906221}
{"value":451,"sensor":"0","timestamp":1437405082.90622}
{"value":278,"sensor":"0","timestamp":1437405083.906225}
{"value":785,"sensor":"0","timestamp":1437405084.906267}
{"value":351,"sensor":"0","timestamp":1437405085.906326}
{"value":343,"sensor":"0","timestamp":1437405086.906311}
{"value":642,"sensor":"0","timestamp":1437405087.906352}
{"value":390,"sensor":"0","timestamp":1437405088.906384}
{"value":429,"sensor":"0","timestamp":1437405089.90644}
{"value":515,"sensor":"0","timestamp":1437405090.906474}
{"value":494,"sensor":"0","timestamp":1437405091.906471}
{"value":473,"sensor":"0","timestamp":1437405092.906488}
{"value":392,"sensor":"0","timestamp":1437405093.90655}
{"value":697,"sensor":"0","timestamp":1437405094.906544}
{"value":277,"sensor":"0","timestamp":1437405095.906523}
{"value":489,"sensor":"0","timestamp":1437405096.906582}
{"value":432,"sensor":"0","timestamp":1437405097.906618}
{"value":602,"sensor":"0","timestamp":1437405098.906635}
{"value":280,"sensor":"0","timestamp":1437405099.906609}
{"value":697,"sensor":"0","timestamp":1437405100.906678}
{"value":579,"sensor":"0","timestamp":1437405101.906738}
{"value":201,"sensor":"0","timestamp":1437405102.90673}
{"value":561,"sensor":"0","timestamp":1437405103.906743}
{"value":486,"sensor":"0","timestamp":1437405104.906752}
{"value":403,"sensor":"0","timestamp":1437405105.906808}
{"value":529,"sensor":"0","timestamp":1437405106.906811}
{"value":499,"sensor":"0","timestamp":1437405107.906857}
{"value":495,"sensor":"0","timestamp":1437405108.906903}
{"value":448,"sensor":"0","timestamp":1437405109.906873}
{"value":446,"sensor":"0","timestamp":1437405110.90695}
{"value":460,"sensor":"0","timestamp":1437405111.906994}
{"value":513,"sensor":"0","timestamp":1437405112.90694}
{"value":482,"sensor":"0","timestamp":1437405113.907069}
{"value":463,"sensor":"0","timestamp":1437405114.906988}
{"value":464,"sensor":"0","timestamp":1437405115.907061}
{"value":487,"sensor":"0",