{"value":569,"sensor":"0","timestamp":1437405381.193579}
{"value":391,"sensor":"0","timestamp":1437405382.193587}
{"value":397,"sensor":"0","timestamp":1437405383.19359}
{"value":502,"sensor":"0","timestamp":1437405384.193724}
{"value":656,"sensor":"0","timestamp":1437405385.193658}
{"value":346,"sensor":"0","timestamp":1437405386.193677}
{"value":301,"sensor":"0","timestamp":1437405387.193716}
{"value":759,"sensor":"0","timestamp":1437405388.193788}
{"value":485,"sensor":"0","timestamp":1437405389.193754}
{"value":283,"sensor":"0","timestamp":1437405390.193783}
{"value":544,"sensor":"0","timestamp":1437405391.193825}
{"value":470,"sensor":"0","timestamp":1437405392.193793}
{"value":465,"sensor":"0","timestamp":1437405393.193843}
{"value":554,"sensor":"0","timestamp":1437405394.193968}
{"value":447,"sensor":"0","timestamp":1437405395.193966}
{"value":408,"sensor":"0","timestamp":1437405396.193942}
{"value":586,"sensor":"0","timestamp":1437405397.19395}
{"value":417,"sensor":"0","timestamp":1437405398.194006}
{"value":364,"sensor":"0","timestamp":1437405399.194023}
{"value":675,"sensor":"0","timestamp":1437405400.193993}
{"value":352,"sensor":"0","timestamp":1437405401.19404}
{"value":506,"sensor":"0","timestamp":1437405402.194119}
{"value":446,"sensor":"0","timestamp":1437405403.194085}
{"value":595,"sensor":"0","timestamp":1437405404.194134}
{"value":368,"sensor":"0","timestamp":1437405405.194128}
{"value":509,"sensor":"0","timestamp":1437405406.19422}
{"value":504,"sensor":"0","timestamp":1437405407.194194}
{"value":437,"sensor":"0","timestamp":1437405408.194269}
{"value":433,"sensor":"0","timestamp":1437405409.194233}
{"value":447,"sensor":"0","timestamp":1437405410.194347}
{"value":556,"sensor":"0","timestamp":1437405411.194294}
{"value":526,"sensor":"0","timestamp":1437405412.22634}
{"value":421,"sensor":"0","timestamp":1437405413.226364}
{"value":495,"sensor":"0","timestamp":1437405414.226398}
{"value":363,"sensor":"0","timestamp":1437405415.226466}
{"value":483,"sensor":"0","timestamp":1437405416.226431}
{"value":652,"sensor":"0","timestamp":1437405417.226449}
{"value":275,"sensor":"0","timestamp":1437405418.226456}
{"value":494,"sensor":"0","timestamp":1437405419.226509}
{"value":461,"sensor":"0","timestamp":1437405420.226499}
{"value":611,"sensor":"0","timestamp":1437405421.226551}
{"value":353,"sensor":"0","timestamp":1437405422.226603}
{"value":472,"sensor":"0","timestamp":1437405423.226625}
{"value":527,"sensor":"0","timestamp":1437405424.226725}
{"value":443,"sensor":"0","timestamp":1437405425.226644}
{"value":509,"sensor":"0","timestamp":1437405426.226699}
{"value":439,"sensor":"0","timestamp":1437405427.226747}
{"value":450,"sensor":"0","timestamp":1437405428.226775}
{"value":562,"sensor":"0","timestamp":1437405429.226773}
{"value":457,"sensor":"0","timestamp":1437405430.226784}
{"value":587,"sensor":"0","timestamp":1437405431.2268}
{"value":269,"sensor":"0","timestamp":1437405432.226778}
{"value":387,"sensor":"0","timestamp":1437405433.226858}
{"value":797,"sensor":"0","timestamp":1437405434.226872}
{"value":297,"sensor":"0","timestamp":1437405435.226872}
{"value":476,"sensor":"0","timestamp":1437405436.226906}
{"value":614,"sensor":"0","timestamp":1437405437.226935}
{"value":317,"sensor":"0","timestamp":1437405438.22698}
{"value":542,"sensor":"0","timestamp":1437405439.226994}
{"value":390,"sensor":"0","timestamp":1437405440.226974}
{"value":531,"sensor":"0","timestamp":1437405441.227009}
{"value":462,"sensor":"0","timestamp":1437405442.227018}
{"value":459,"sensor":"0","timestamp":1437405443.251088}
{"value":504,"sensor":"0","timestamp":1437405444.251101}
{"value":399,"sensor":"0","timestamp":1437405445.251167}
{"value":453,"sensor":"0","timestamp":1437405446.251173}
{"value":557,"sensor":"0","timestamp":1437405447.251197}
{"value":546,"sensor":"0","timestamp":1437405448.25125}
{"value":460,"sensor":"0","timestamp":1437405449.251252}
{"value":416,"sensor":"0","timestamp":1437405450.251251}
{"value":458,"sensor":"0","timestamp":1437405451.251274}
{"value":518,"sensor":"0","timestamp":1437405452.251313}
{"value":404,"sensor":"0","timestamp":1437405453.251378}
{"value":512,"sensor":"0","timestamp":1437405454.251327}
{"value":470,"sensor":"0","timestamp":1437405455.251364}
{"value":569,"sensor":"0","timestamp":1437405456.251493}
{"value":393,"sensor":"0","timestamp":1437405457.251439}
{"value":489,"sensor":"0","timestamp":1437405458.251445}
{"value":419,"sensor":"0","timestamp":1437405459.251503}
{"value":513,"sensor":"0","timestamp":1437405460.251543}
{"value":482,"sensor":"0","timestamp":1437405461.25154}
{"value":450,"sensor":"0","timestamp":1437405462.251554}
{"value":542,"sensor":"0","timestamp":1437405463.251576}
{"value":405,"sensor":"0","timestamp":1437405464.251656}
{"value":477,"sensor":"0","timestamp":1437405465.251652}
{"value":524,"sensor":"0","timestamp":1437405466.25163}
{"value":432,"sensor":"0","timestamp":1437405467.251699}
{"value":491,"sensor":"0","timestamp":1437405468.251747}
{"value":495,"sensor":"0","timestamp":1437405469.251735}
{"value":457,"sensor":"0","timestamp":1437405470.251756}
{"value":463,"sensor":"0","timestamp":1437405471.251776}
{"value":465,"sensor":"0","timestamp":1437405472.307795}
{"value":502,"sensor":"0","timestamp":1437405473.30782}
{"value":460,"sensor":"0","timestamp":1437405474.307884}
{"value":526,"sensor":"0","timestamp":1437405475.307877}
{"value":479,"sensor":"0","timestamp":1437405476.307875}
{"value":449,"sensor":"0","timestamp":1437405477.307929}
{"value":549,"sensor":"0","timestamp":1437405478.307961}
{"value":408,"sensor":"0","timestamp":1437405479.307995}
{"value":365,"sensor":"0","timestamp":1437405480.307971}
{"value":484,"sensor":"0","timestamp":1437405481.308025}
{"value":666,"sensor":"0","timestamp":1437405482.308072}
{"value":333,"sensor":"0","timestamp":1437405483.308074}
{"value":489,"sensor":"0","timestamp":1437405484.308077}
{"value":483,"sensor":"0","timestamp":1437405485.308118}
{"value":474,"sensor":"0","timestamp":1437405486.30816}
{"value":466,"sensor":"0","timestamp":1437405487.308176}
{"value":459,"sensor":"0","timestamp":1437405488.308193}
{"value":507,"sensor":"0","timestamp":1437405489.308265}
{"value":475,"sensor":"0","timestamp":1437405490.308276}
{"value":428,"sensor":"0","timestamp":1437405491.308287}
{"value":459,"sensor":"0","timestamp":1437405492.308329}
{"value":676,"sensor":"0","timestamp":1437405493.308317}
{"value":423,"sensor":"0","timestamp":1437405494.30831}
{"value":419,"sensor":"0","timestamp":1437405495.308396}
{"value":411,"sensor":"0","timestamp":1437405496.308412}
{"value":643,"sensor":"0","timestamp":1437405497.30846}
{"value":229,"sensor":"0","timestamp":1437405498.308472}
{"value":624,"sensor":"0","timestamp":1437405499.308412}
{"value":323,"sensor":"0","timestamp":1437405500.308517}
{"value":667,"sensor":"0","timestamp":1437405501.308519}
{"value":531,"sensor":"0","timestamp":1437405502.308529}
{"value":213,"sensor":"0","timestamp":1437405503.348531}
{"value":536,"sensor":"0","timestamp":1437405504.348562}
{"value":728,"sensor":"0","timestamp":1437405505.34863}
{"value":214,"sensor":"0","timestamp":1437405506.348627}
{"value":635,"sensor":"0","timestamp":1437405507.348707}
{"value":321,"sensor":"0","timestamp":1437405508.348807}
{"value":555,"sensor":"0","timestamp":1437405509.348755}
{"value":467,"sensor":"0","timestamp":1437405510.348746}
{"value":486,"sensor":"0","timestamp":1437405511.348764}
{"value":483,"sensor":"0","timestamp":1437405512.348816}
{"value":440,"sensor":"0","timestamp":1437405513.348848}
{"value":594,"sensor":"0","timestamp":1437405514.348842}
{"value":362,"sensor":"0","timestamp":1437405515.348857}
{"value":464,"sensor":"0","timestamp":1437405516.348887}
{"value":453,"sensor":"0","timestamp":1437405517.348881}
{"value":556,"sensor":"0","timestamp":1437405518.348902}
{"value":450,"sensor":"0","timestamp":1437405519.348946}
{"value":489,"sensor":"0","timestamp":1437405520.348923}
{"value":493,"sensor":"0",