{"value":469,"sensor":"0","timestamp":1437404536.188797}
{"value":535,"sensor":"0","timestamp":1437404537.18874}
{"value":373,"sensor":"0","timestamp":1437404538.188768}
{"value":499,"sensor":"0","timestamp":1437404539.18883}
{"value":485,"sensor":"0","timestamp":1437404540.188929}
{"value":481,"sensor":"0","timestamp":1437404541.188895}
{"value":464,"sensor":"0","timestamp":1437404542.18891}
{"value":489,"sensor":"0","timestamp":1437404543.220905}
{"value":470,"sensor":"0","timestamp":1437404544.220818}
{"value":471,"sensor":"0","timestamp":1437404545.22101}
{"value":471,"sensor":"0","timestamp":1437404546.221065}
{"value":492,"sensor":"0","timestamp":1437404547.221079}
{"value":461,"sensor":"0","timestamp":1437404548.221045}
{"value":479,"sensor":"0","timestamp":1437404549.221109}
{"value":543,"sensor":"0","timestamp":1437404550.221164}
{"value":391,"sensor":"0","timestamp":1437404551.221144}
{"value":428,"sensor":"0","timestamp":1437404552.221149}
{"value":548,"sensor":"0","timestamp":1437404553.22116}
{"value":330,"sensor":"0","timestamp":1437404554.221188}
{"value":734,"sensor":"0","timestamp":1437404555.221243}
{"value":346,"sensor":"0","timestamp":1437404556.221234}
{"value":315,"sensor":"0","timestamp":1437404557.221259}
{"value":732,"sensor":"0","timestamp":1437404558.221387}
{"value":470,"sensor":"0","timestamp":1437404559.221287}
{"value":398,"sensor":"0","timestamp":1437404560.221333}
{"value":468,"sensor":"0","timestamp":1437404561.221378}
{"value":474,"sensor":"0","timestamp":1437404562.221442}
{"value":452,"sensor":"0","timestamp":1437404563.221413}
{"value":472,"sensor":"0","timestamp":1437404564.221533}
{"value":493,"sensor":"0","timestamp":1437404565.221481}
{"value":476,"sensor":"0","timestamp":1437404566.221498}
{"value":416,"sensor":"0","timestamp":1437404567.22154}
{"value":684,"sensor":"0","timestamp":1437404568.221555}
{"value":269,"sensor":"0","timestamp":1437404569.221603}
{"value":414,"sensor":"0","timestamp":1437404570.221686}
{"value":565,"sensor":"0","timestamp":1437404571.221582}
{"value":487,"sensor":"0","timestamp":1437404572.221741}
{"value":490,"sensor":"0","timestamp":1437404573.221702}
{"value":347,"sensor":"0","timestamp":1437404574.221731}
{"value":586,"sensor":"0","timestamp":1437404575.221752}
{"value":573,"sensor":"0","timestamp":1437404576.221699}
{"value":432,"sensor":"0","timestamp":1437404577.221753}
{"value":371,"sensor":"0","timestamp":1437404578.221796}
{"value":554,"sensor":"0","timestamp":1437404579.221835}
{"value":462,"sensor":"0","timestamp":1437404580.221847}
{"value":459,"sensor":"0","timestamp":1437404581.221858}
{"value":476,"sensor":"0","timestamp":1437404582.221873}
{"value":477,"sensor":"0","timestamp":1437404583.221909}
{"value":472,"sensor":"0","timestamp":1437404584.221899}
{"value":475,"sensor":"0","timestamp":1437404585.221935}
{"value":474,"sensor":"0","timestamp":1437404586.221951}
{"value":425,"sensor":"0","timestamp":1437404587.222061}
{"value":535,"sensor":"0","timestamp":1437404588.222023}
{"value":478,"sensor":"0","timestamp":1437404589.22206}
{"value":465,"sensor":"0","timestamp":1437404590.222031}
{"value":459,"sensor":"0","timestamp":1437404591.222121}
{"value":464,"sensor":"0","timestamp":1437404592.222123}
{"value":492,"sensor":"0","timestamp":1437404593.222145}
{"value":478,"sensor":"0","timestamp":1437404594.222216}
{"value":461,"sensor":"0","timestamp":1437404595.222248}
{"value":479,"sensor":"0","timestamp":1437404596.222204}
{"value":505,"sensor":"0","timestamp":1437404597.222285}
{"value":486,"sensor":"0","timestamp":1437404598.22232}
{"value":458,"sensor":"0","timestamp":1437404599.222322}
{"value":432,"sensor":"0","timestamp":1437404600.222323}
{"value":416,"sensor":"0","timestamp":1437404601.222378}
{"value":642,"sensor":"0","timestamp":1437404602.222438}
{"value":444,"sensor":"0","timestamp":1437404603.222405}
{"value":293,"sensor":"0","timestamp":1437404604.222448}
{"value":548,"sensor":"0","timestamp":1437404605.270492}
{"value":494,"sensor":"0","timestamp":1437404606.270488}
{"value":544,"sensor":"0","timestamp":1437404607.270507}
{"value":460,"sensor":"0","timestamp":1437404608.270543}
{"value":499,"sensor":"0","timestamp":1437404609.270574}
{"value":448,"sensor":"0","timestamp":1437404610.270584}
{"value":485,"sensor":"0","timestamp":1437404611.270596}
{"value":463,"sensor":"0","timestamp":1437404612.270656}
{"value":460,"sensor":"0","timestamp":1437404613.270673}
{"value":481,"sensor":"0","timestamp":1437404614.270643}
{"value":470,"sensor":"0","timestamp":1437404615.270687}
{"value":483,"sensor":"0","timestamp":1437404616.270707}
{"value":472,"sensor":"0","timestamp":1437404617.270732}
{"value":475,"sensor":"0","timestamp":1437404618.270765}
{"value":463,"sensor":"0","timestamp":1437404619.270795}
{"value":484,"sensor":"0","timestamp":1437404620.270799}
{"value":480,"sensor":"0","timestamp":1437404621.270839}
{"value":469,"sensor":"0","timestamp":1437404622.270867}
{"value":473,"sensor":"0","timestamp":1437404623.270944}
{"value":474,"sensor":"0","timestamp":1437404624.270912}
{"value":475,"sensor":"0","timestamp":1437404625.270935}
{"value":480,"sensor":"0","timestamp":1437404626.270996}
{"value":471,"sensor":"0","timestamp":1437404627.271034}
{"value":473,"sensor":"0","timestamp":1437404628.271044}
{"value":475,"sensor":"0","timestamp":1437404629.271069}
{"value":476,"sensor":"0","timestamp":1437404630.271082}
{"value":476,"sensor":"0","timestamp":1437404631.27109}
{"value":474,"sensor":"0","timestamp":1437404632.271124}
{"value":467,"sensor":"0","timestamp":1437404633.271185}
{"value":482,"sensor":"0","timestamp":1437404634.271234}
{"value":472,"sensor":"0","timestamp":1437404635.271246}
{"value":480,"sensor":"0","timestamp":1437404636.271273}
{"value":471,"sensor":"0","timestamp":1437404637.271256}
{"value":474,"sensor":"0","timestamp":1437404638.271234}
{"value":475,"sensor":"0","timestamp":1437404639.271355}
{"value":474,"sensor":"0","timestamp":1437404640.271321}
{"value":477,"sensor":"0","timestamp":1437404641.271358}
{"value":507,"sensor":"0","timestamp":1437404642.27135}
{"value":630,"sensor":"0","timestamp":1437404643.271382}
{"value":159,"sensor":"0","timestamp":1437404644.271438}
{"value":534,"sensor":"0","timestamp":1437404645.271461}
{"value":506,"sensor":"0","timestamp":1437404646.271533}
{"value":491,"sensor":"0","timestamp":1437404647.271562}
{"value":492,"sensor":"0","timestamp":1437404648.271561}
{"value":478,"sensor":"0","timestamp":1437404649.271564}
{"value":475,"sensor":"0","timestamp":1437404650.271589}
{"value":476,"sensor":"0","timestamp":1437404651.271596}
{"value":475,"sensor":"0","timestamp":1437404652.271633}
{"value":474,"sensor":"0","timestamp":1437404653.271614}
{"value":477,"sensor":"0","timestamp":1437404654.271726}
{"value":471,"sensor":"0","timestamp":1437404655.271709}
{"value":424,"sensor":"0","timestamp":1437404656.271759}
{"value":589,"sensor":"0","timestamp":1437404657.271762}
{"value":437,"sensor":"0","timestamp":1437404658.271758}
{"value":456,"sensor":"0","timestamp":1437404659.27182}
{"value":468,"sensor":"0","timestamp":1437404660.271843}
{"value":455,"sensor":"0","timestamp":1437404661.271858}
{"value":527,"sensor":"0","timestamp":1437404662.271891}
{"value":431,"sensor":"0","timestamp":1437404663.271888}
{"value":472,"sensor":"0","timestamp":1437404664.271952}
{"value":479,"sensor":"0","timestamp":1437404665.271956}
{"value":474,"sensor":"0","timestamp":1437404666.271938}
{"value":476,"sensor":"0","timestamp":1437404667.272018}
{"value":468,"sensor":"0","timestamp":1437404668.272049}
{"value":478,"sensor":"0","timestamp":1437404669.272075}
{"value":486,"sensor":"0","timestamp":1437404670.272075}
{"value":470,"sensor":"0","timestamp":1437404671.272123}
{"value":464,"sensor":"0","timestamp":1437404672.27211}
{"value":486,"sensor":"0","timestamp":1437404673.272128}
{"value":456,"sensor":"0","timestamp":1437404674.272149}
{"value":503,"sensor":"0","timestamp":1437404675.27216}
{"value":474,"sensor":"0",